Command line invocation:
    /Applications/Xcode_16.2.app/Contents/Developer/usr/bin/xcodebuild -project ExpenseTracker.xcodeproj -scheme ExpenseTracker -destination generic/platform=iOS -configuration Release -derivedDataPath ./DerivedData CODE_SIGN_STYLE=Manual CODE_SIGN_IDENTITY=- CODE_SIGNING_REQUIRED=NO CODE_SIGNING_ALLOWED=YES DEVELOPMENT_TEAM= COMPILER_INDEX_STORE_ENABLE=NO clean build

User defaults from command line:
    IDEDerivedDataPathOverride = /Users/runner/work/expense-tracker/expense-tracker/DerivedData
    IDEPackageSupportUseBuiltinSCM = YES

Build settings from command line:
    CODE_SIGN_IDENTITY = -
    CODE_SIGN_STYLE = Manual
    CODE_SIGNING_ALLOWED = YES
    CODE_SIGNING_REQUIRED = NO
    COMPILER_INDEX_STORE_ENABLE = NO
    DEVELOPMENT_TEAM = 

note: Using codesigning identity override: -

** CLEAN SUCCEEDED **

Prepare packages

note: Using codesigning identity override: -
ComputeTargetDependencyGraph
note: Building targets in dependency order
note: Target dependency graph (2 targets)
    Target 'ExpenseTracker' in project 'ExpenseTracker'
        ➜ Explicit dependency on target 'MessageFilterExtension' in project 'ExpenseTracker'
    Target 'MessageFilterExtension' in project 'ExpenseTracker' (no dependencies)

GatherProvisioningInputs

CreateBuildDescription

ExecuteExternalTool /Applications/Xcode_16.2.app/Contents/Developer/Toolchains/XcodeDefault.xctoolchain/usr/bin/swiftc --version

ExecuteExternalTool /Applications/Xcode_16.2.app/Contents/Developer/Toolchains/XcodeDefault.xctoolchain/usr/bin/clang -v -E -dM -isysroot /Applications/Xcode_16.2.app/Contents/Developer/Platforms/iPhoneOS.platform/Developer/SDKs/iPhoneOS18.2.sdk -x c -c /dev/null

ExecuteExternalTool /Applications/Xcode_16.2.app/Contents/Developer/Toolchains/XcodeDefault.xctoolchain/usr/bin/ld -version_details

Build description signature: 03d04f6ba4f3460a28d6f5efa8ed2d31
Build description path: /Users/runner/work/expense-tracker/expense-tracker/DerivedData/Build/Intermediates.noindex/XCBuildData/03d04f6ba4f3460a28d6f5efa8ed2d31.xcbuilddata
ClangStatCache /Applications/Xcode_16.2.app/Contents/Developer/Toolchains/XcodeDefault.xctoolchain/usr/bin/clang-stat-cache /Applications/Xcode_16.2.app/Contents/Developer/Platforms/iPhoneOS.platform/Developer/SDKs/iPhoneOS18.2.sdk /Users/runner/work/expense-tracker/expense-tracker/DerivedData/SDKStatCaches.noindex/iphoneos18.2-22C146-6f6929c68f51360d5ca70a73a7e0c2f9.sdkstatcache
    cd /Users/runner/work/expense-tracker/expense-tracker/ExpenseTracker.xcodeproj
    /Applications/Xcode_16.2.app/Contents/Developer/Toolchains/XcodeDefault.xctoolchain/usr/bin/clang-stat-cache /Applications/Xcode_16.2.app/Contents/Developer/Platforms/iPhoneOS.platform/Developer/SDKs/iPhoneOS18.2.sdk -o /Users/runner/work/expense-tracker/expense-tracker/DerivedData/SDKStatCaches.noindex/iphoneos18.2-22C146-6f6929c68f51360d5ca70a73a7e0c2f9.sdkstatcache

CreateBuildDirectory /Users/runner/work/expense-tracker/expense-tracker/DerivedData/Build/Products
    cd /Users/runner/work/expense-tracker/expense-tracker/ExpenseTracker.xcodeproj
    builtin-create-build-directory /Users/runner/work/expense-tracker/expense-tracker/DerivedData/Build/Products

CreateBuildDirectory /Users/runner/work/expense-tracker/expense-tracker/DerivedData/Build/Intermediates.noindex
    cd /Users/runner/work/expense-tracker/expense-tracker/ExpenseTracker.xcodeproj
    builtin-create-build-directory /Users/runner/work/expense-tracker/expense-tracker/DerivedData/Build/Intermediates.noindex

CreateBuildDirectory /Users/runner/work/expense-tracker/expense-tracker/DerivedData/Build/Products/Release-iphoneos
    cd /Users/runner/work/expense-tracker/expense-tracker/ExpenseTracker.xcodeproj
    builtin-create-build-directory /Users/runner/work/expense-tracker/expense-tracker/DerivedData/Build/Products/Release-iphoneos

WriteAuxiliaryFile /Users/runner/work/expense-tracker/expense-tracker/DerivedData/Build/Intermediates.noindex/ExpenseTracker.build/Release-iphoneos/ExpenseTracker-5d132ffb4f3097a477fb1a166e44459f-VFS-iphoneos/all-product-headers.yaml
    cd /Users/runner/work/expense-tracker/expense-tracker/ExpenseTracker.xcodeproj
    write-file /Users/runner/work/expense-tracker/expense-tracker/DerivedData/Build/Intermediates.noindex/ExpenseTracker.build/Release-iphoneos/ExpenseTracker-5d132ffb4f3097a477fb1a166e44459f-VFS-iphoneos/all-product-headers.yaml

CreateBuildDirectory /Users/runner/work/expense-tracker/expense-tracker/DerivedData/Build/Intermediates.noindex/EagerLinkingTBDs/Release-iphoneos
    cd /Users/runner/work/expense-tracker/expense-tracker/ExpenseTracker.xcodeproj
    builtin-create-build-directory /Users/runner/work/expense-tracker/expense-tracker/DerivedData/Build/Intermediates.noindex/EagerLinkingTBDs/Release-iphoneos

WriteAuxiliaryFile /Users/runner/work/expense-tracker/expense-tracker/DerivedData/Build/Intermediates.noindex/ExpenseTracker.build/Release-iphoneos/MessageFilterExtension.build/Objects-normal/arm64/MessageFilterExtension_const_extract_protocols.json (in target 'MessageFilterExtension' from project 'ExpenseTracker')
    cd /Users/runner/work/expense-tracker/expense-tracker
    write-file /Users/runner/work/expense-tracker/expense-tracker/DerivedData/Build/Intermediates.noindex/ExpenseTracker.build/Release-iphoneos/MessageFilterExtension.build/Objects-normal/arm64/MessageFilterExtension_const_extract_protocols.json

WriteAuxiliaryFile /Users/runner/work/expense-tracker/expense-tracker/DerivedData/Build/Intermediates.noindex/ExpenseTracker.build/Release-iphoneos/MessageFilterExtension.build/Objects-normal/arm64/MessageFilterExtension.SwiftFileList (in target 'MessageFilterExtension' from project 'ExpenseTracker')
    cd /Users/runner/work/expense-tracker/expense-tracker
    write-file /Users/runner/work/expense-tracker/expense-tracker/DerivedData/Build/Intermediates.noindex/ExpenseTracker.build/Release-iphoneos/MessageFilterExtension.build/Objects-normal/arm64/MessageFilterExtension.SwiftFileList

WriteAuxiliaryFile /Users/runner/work/expense-tracker/expense-tracker/DerivedData/Build/Intermediates.noindex/ExpenseTracker.build/Release-iphoneos/MessageFilterExtension.build/Objects-normal/arm64/MessageFilterExtension.SwiftConstValuesFileList (in target 'MessageFilterExtension' from project 'ExpenseTracker')
    cd /Users/runner/work/expense-tracker/expense-tracker
    write-file /Users/runner/work/expense-tracker/expense-tracker/DerivedData/Build/Intermediates.noindex/ExpenseTracker.build/Release-iphoneos/MessageFilterExtension.build/Objects-normal/arm64/MessageFilterExtension.SwiftConstValuesFileList

WriteAuxiliaryFile /Users/runner/work/expense-tracker/expense-tracker/DerivedData/Build/Intermediates.noindex/ExpenseTracker.build/Release-iphoneos/MessageFilterExtension.build/Objects-normal/arm64/MessageFilterExtension.LinkFileList (in target 'MessageFilterExtension' from project 'ExpenseTracker')
    cd /Users/runner/work/expense-tracker/expense-tracker
    write-file /Users/runner/work/expense-tracker/expense-tracker/DerivedData/Build/Intermediates.noindex/ExpenseTracker.build/Release-iphoneos/MessageFilterExtension.build/Objects-normal/arm64/MessageFilterExtension.LinkFileList

WriteAuxiliaryFile /Users/runner/work/expense-tracker/expense-tracker/DerivedData/Build/Intermediates.noindex/ExpenseTracker.build/Release-iphoneos/MessageFilterExtension.build/Objects-normal/arm64/MessageFilterExtension-OutputFileMap.json (in target 'MessageFilterExtension' from project 'ExpenseTracker')
    cd /Users/runner/work/expense-tracker/expense-tracker
    write-file /Users/runner/work/expense-tracker/expense-tracker/DerivedData/Build/Intermediates.noindex/ExpenseTracker.build/Release-iphoneos/MessageFilterExtension.build/Objects-normal/arm64/MessageFilterExtension-OutputFileMap.json

WriteAuxiliaryFile /Users/runner/work/expense-tracker/expense-tracker/DerivedData/Build/Intermediates.noindex/ExpenseTracker.build/Release-iphoneos/MessageFilterExtension.build/MessageFilterExtension.hmap (in target 'MessageFilterExtension' from project 'ExpenseTracker')
    cd /Users/runner/work/expense-tracker/expense-tracker
    write-file /Users/runner/work/expense-tracker/expense-tracker/DerivedData/Build/Intermediates.noindex/ExpenseTracker.build/Release-iphoneos/MessageFilterExtension.build/MessageFilterExtension.hmap

WriteAuxiliaryFile /Users/runner/work/expense-tracker/expense-tracker/DerivedData/Build/Intermediates.noindex/ExpenseTracker.build/Release-iphoneos/MessageFilterExtension.build/MessageFilterExtension.DependencyMetadataFileList (in target 'MessageFilterExtension' from project 'ExpenseTracker')
    cd /Users/runner/work/expense-tracker/expense-tracker
    write-file /Users/runner/work/expense-tracker/expense-tracker/DerivedData/Build/Intermediates.noindex/ExpenseTracker.build/Release-iphoneos/MessageFilterExtension.build/MessageFilterExtension.DependencyMetadataFileList

WriteAuxiliaryFile /Users/runner/work/expense-tracker/expense-tracker/DerivedData/Build/Intermediates.noindex/ExpenseTracker.build/Release-iphoneos/MessageFilterExtension.build/MessageFilterExtension-project-headers.hmap (in target 'MessageFilterExtension' from project 'ExpenseTracker')
    cd /Users/runner/work/expense-tracker/expense-tracker
    write-file /Users/runner/work/expense-tracker/expense-tracker/DerivedData/Build/Intermediates.noindex/ExpenseTracker.build/Release-iphoneos/MessageFilterExtension.build/MessageFilterExtension-project-headers.hmap

WriteAuxiliaryFile /Users/runner/work/expense-tracker/expense-tracker/DerivedData/Build/Intermediates.noindex/ExpenseTracker.build/Release-iphoneos/MessageFilterExtension.build/MessageFilterExtension-own-target-headers.hmap (in target 'MessageFilterExtension' from project 'ExpenseTracker')
    cd /Users/runner/work/expense-tracker/expense-tracker
    write-file /Users/runner/work/expense-tracker/expense-tracker/DerivedData/Build/Intermediates.noindex/ExpenseTracker.build/Release-iphoneos/MessageFilterExtension.build/MessageFilterExtension-own-target-headers.hmap

WriteAuxiliaryFile /Users/runner/work/expense-tracker/expense-tracker/DerivedData/Build/Intermediates.noindex/ExpenseTracker.build/Release-iphoneos/MessageFilterExtension.build/MessageFilterExtension-generated-files.hmap (in target 'MessageFilterExtension' from project 'ExpenseTracker')
    cd /Users/runner/work/expense-tracker/expense-tracker
    write-file /Users/runner/work/expense-tracker/expense-tracker/DerivedData/Build/Intermediates.noindex/ExpenseTracker.build/Release-iphoneos/MessageFilterExtension.build/MessageFilterExtension-generated-files.hmap

WriteAuxiliaryFile /Users/runner/work/expense-tracker/expense-tracker/DerivedData/Build/Intermediates.noindex/ExpenseTracker.build/Release-iphoneos/MessageFilterExtension.build/MessageFilterExtension-all-target-headers.hmap (in target 'MessageFilterExtension' from project 'ExpenseTracker')
    cd /Users/runner/work/expense-tracker/expense-tracker
    write-file /Users/runner/work/expense-tracker/expense-tracker/DerivedData/Build/Intermediates.noindex/ExpenseTracker.build/Release-iphoneos/MessageFilterExtension.build/MessageFilterExtension-all-target-headers.hmap

WriteAuxiliaryFile /Users/runner/work/expense-tracker/expense-tracker/DerivedData/Build/Intermediates.noindex/ExpenseTracker.build/Release-iphoneos/MessageFilterExtension.build/MessageFilterExtension-all-non-framework-target-headers.hmap (in target 'MessageFilterExtension' from project 'ExpenseTracker')
    cd /Users/runner/work/expense-tracker/expense-tracker
    write-file /Users/runner/work/expense-tracker/expense-tracker/DerivedData/Build/Intermediates.noindex/ExpenseTracker.build/Release-iphoneos/MessageFilterExtension.build/MessageFilterExtension-all-non-framework-target-headers.hmap

WriteAuxiliaryFile /Users/runner/work/expense-tracker/expense-tracker/DerivedData/Build/Intermediates.noindex/ExpenseTracker.build/Release-iphoneos/ExpenseTracker.build/empty-ExpenseTracker.plist (in target 'ExpenseTracker' from project 'ExpenseTracker')
    cd /Users/runner/work/expense-tracker/expense-tracker
    write-file /Users/runner/work/expense-tracker/expense-tracker/DerivedData/Build/Intermediates.noindex/ExpenseTracker.build/Release-iphoneos/ExpenseTracker.build/empty-ExpenseTracker.plist

WriteAuxiliaryFile /Users/runner/work/expense-tracker/expense-tracker/DerivedData/Build/Intermediates.noindex/ExpenseTracker.build/Release-iphoneos/ExpenseTracker.build/Objects-normal/arm64/ExpenseTracker_const_extract_protocols.json (in target 'ExpenseTracker' from project 'ExpenseTracker')
    cd /Users/runner/work/expense-tracker/expense-tracker
    write-file /Users/runner/work/expense-tracker/expense-tracker/DerivedData/Build/Intermediates.noindex/ExpenseTracker.build/Release-iphoneos/ExpenseTracker.build/Objects-normal/arm64/ExpenseTracker_const_extract_protocols.json

WriteAuxiliaryFile /Users/runner/work/expense-tracker/expense-tracker/DerivedData/Build/Intermediates.noindex/ExpenseTracker.build/Release-iphoneos/ExpenseTracker.build/Objects-normal/arm64/ExpenseTracker.SwiftFileList (in target 'ExpenseTracker' from project 'ExpenseTracker')
    cd /Users/runner/work/expense-tracker/expense-tracker
    write-file /Users/runner/work/expense-tracker/expense-tracker/DerivedData/Build/Intermediates.noindex/ExpenseTracker.build/Release-iphoneos/ExpenseTracker.build/Objects-normal/arm64/ExpenseTracker.SwiftFileList

WriteAuxiliaryFile /Users/runner/work/expense-tracker/expense-tracker/DerivedData/Build/Intermediates.noindex/ExpenseTracker.build/Release-iphoneos/ExpenseTracker.build/Objects-normal/arm64/ExpenseTracker.SwiftConstValuesFileList (in target 'ExpenseTracker' from project 'ExpenseTracker')
    cd /Users/runner/work/expense-tracker/expense-tracker
    write-file /Users/runner/work/expense-tracker/expense-tracker/DerivedData/Build/Intermediates.noindex/ExpenseTracker.build/Release-iphoneos/ExpenseTracker.build/Objects-normal/arm64/ExpenseTracker.SwiftConstValuesFileList

WriteAuxiliaryFile /Users/runner/work/expense-tracker/expense-tracker/DerivedData/Build/Intermediates.noindex/ExpenseTracker.build/Release-iphoneos/ExpenseTracker.build/Objects-normal/arm64/ExpenseTracker.LinkFileList (in target 'ExpenseTracker' from project 'ExpenseTracker')
    cd /Users/runner/work/expense-tracker/expense-tracker
    write-file /Users/runner/work/expense-tracker/expense-tracker/DerivedData/Build/Intermediates.noindex/ExpenseTracker.build/Release-iphoneos/ExpenseTracker.build/Objects-normal/arm64/ExpenseTracker.LinkFileList

WriteAuxiliaryFile /Users/runner/work/expense-tracker/expense-tracker/DerivedData/Build/Intermediates.noindex/ExpenseTracker.build/Release-iphoneos/ExpenseTracker.build/Objects-normal/arm64/ExpenseTracker-OutputFileMap.json (in target 'ExpenseTracker' from project 'ExpenseTracker')
    cd /Users/runner/work/expense-tracker/expense-tracker
    write-file /Users/runner/work/expense-tracker/expense-tracker/DerivedData/Build/Intermediates.noindex/ExpenseTracker.build/Release-iphoneos/ExpenseTracker.build/Objects-normal/arm64/ExpenseTracker-OutputFileMap.json

WriteAuxiliaryFile /Users/runner/work/expense-tracker/expense-tracker/DerivedData/Build/Intermediates.noindex/ExpenseTracker.build/Release-iphoneos/ExpenseTracker.build/ExpenseTracker.hmap (in target 'ExpenseTracker' from project 'ExpenseTracker')
    cd /Users/runner/work/expense-tracker/expense-tracker
    write-file /Users/runner/work/expense-tracker/expense-tracker/DerivedData/Build/Intermediates.noindex/ExpenseTracker.build/Release-iphoneos/ExpenseTracker.build/ExpenseTracker.hmap

WriteAuxiliaryFile /Users/runner/work/expense-tracker/expense-tracker/DerivedData/Build/Intermediates.noindex/ExpenseTracker.build/Release-iphoneos/ExpenseTracker.build/ExpenseTracker.DependencyMetadataFileList (in target 'ExpenseTracker' from project 'ExpenseTracker')
    cd /Users/runner/work/expense-tracker/expense-tracker
    write-file /Users/runner/work/expense-tracker/expense-tracker/DerivedData/Build/Intermediates.noindex/ExpenseTracker.build/Release-iphoneos/ExpenseTracker.build/ExpenseTracker.DependencyMetadataFileList

WriteAuxiliaryFile /Users/runner/work/expense-tracker/expense-tracker/DerivedData/Build/Intermediates.noindex/ExpenseTracker.build/Release-iphoneos/ExpenseTracker.build/ExpenseTracker-project-headers.hmap (in target 'ExpenseTracker' from project 'ExpenseTracker')
    cd /Users/runner/work/expense-tracker/expense-tracker
    write-file /Users/runner/work/expense-tracker/expense-tracker/DerivedData/Build/Intermediates.noindex/ExpenseTracker.build/Release-iphoneos/ExpenseTracker.build/ExpenseTracker-project-headers.hmap

WriteAuxiliaryFile /Users/runner/work/expense-tracker/expense-tracker/DerivedData/Build/Intermediates.noindex/ExpenseTracker.build/Release-iphoneos/ExpenseTracker.build/ExpenseTracker-own-target-headers.hmap (in target 'ExpenseTracker' from project 'ExpenseTracker')
    cd /Users/runner/work/expense-tracker/expense-tracker
    write-file /Users/runner/work/expense-tracker/expense-tracker/DerivedData/Build/Intermediates.noindex/ExpenseTracker.build/Release-iphoneos/ExpenseTracker.build/ExpenseTracker-own-target-headers.hmap

WriteAuxiliaryFile /Users/runner/work/expense-tracker/expense-tracker/DerivedData/Build/Intermediates.noindex/ExpenseTracker.build/Release-iphoneos/ExpenseTracker.build/ExpenseTracker-generated-files.hmap (in target 'ExpenseTracker' from project 'ExpenseTracker')
    cd /Users/runner/work/expense-tracker/expense-tracker
    write-file /Users/runner/work/expense-tracker/expense-tracker/DerivedData/Build/Intermediates.noindex/ExpenseTracker.build/Release-iphoneos/ExpenseTracker.build/ExpenseTracker-generated-files.hmap

WriteAuxiliaryFile /Users/runner/work/expense-tracker/expense-tracker/DerivedData/Build/Intermediates.noindex/ExpenseTracker.build/Release-iphoneos/ExpenseTracker.build/ExpenseTracker-all-target-headers.hmap (in target 'ExpenseTracker' from project 'ExpenseTracker')
    cd /Users/runner/work/expense-tracker/expense-tracker
    write-file /Users/runner/work/expense-tracker/expense-tracker/DerivedData/Build/Intermediates.noindex/ExpenseTracker.build/Release-iphoneos/ExpenseTracker.build/ExpenseTracker-all-target-headers.hmap

WriteAuxiliaryFile /Users/runner/work/expense-tracker/expense-tracker/DerivedData/Build/Intermediates.noindex/ExpenseTracker.build/Release-iphoneos/ExpenseTracker.build/ExpenseTracker-all-non-framework-target-headers.hmap (in target 'ExpenseTracker' from project 'ExpenseTracker')
    cd /Users/runner/work/expense-tracker/expense-tracker
    write-file /Users/runner/work/expense-tracker/expense-tracker/DerivedData/Build/Intermediates.noindex/ExpenseTracker.build/Release-iphoneos/ExpenseTracker.build/ExpenseTracker-all-non-framework-target-headers.hmap

MkDir /Users/runner/work/expense-tracker/expense-tracker/DerivedData/Build/Products/Release-iphoneos/MessageFilterExtension.appex (in target 'MessageFilterExtension' from project 'ExpenseTracker')
    cd /Users/runner/work/expense-tracker/expense-tracker
    /bin/mkdir -p /Users/runner/work/expense-tracker/expense-tracker/DerivedData/Build/Products/Release-iphoneos/MessageFilterExtension.appex

MkDir /Users/runner/work/expense-tracker/expense-tracker/DerivedData/Build/Products/Release-iphoneos/ExpenseTracker.app/PlugIns (in target 'ExpenseTracker' from project 'ExpenseTracker')
    cd /Users/runner/work/expense-tracker/expense-tracker
    /bin/mkdir -p /Users/runner/work/expense-tracker/expense-tracker/DerivedData/Build/Products/Release-iphoneos/ExpenseTracker.app/PlugIns

MkDir /Users/runner/work/expense-tracker/expense-tracker/DerivedData/Build/Products/Release-iphoneos/ExpenseTracker.app (in target 'ExpenseTracker' from project 'ExpenseTracker')
    cd /Users/runner/work/expense-tracker/expense-tracker
    /bin/mkdir -p /Users/runner/work/expense-tracker/expense-tracker/DerivedData/Build/Products/Release-iphoneos/ExpenseTracker.app

ProcessInfoPlistFile /Users/runner/work/expense-tracker/expense-tracker/DerivedData/Build/Products/Release-iphoneos/MessageFilterExtension.appex/Info.plist /Users/runner/work/expense-tracker/expense-tracker/Extensions/MessageFilterExtension/Info.plist (in target 'MessageFilterExtension' from project 'ExpenseTracker')
    cd /Users/runner/work/expense-tracker/expense-tracker
    builtin-infoPlistUtility /Users/runner/work/expense-tracker/expense-tracker/Extensions/MessageFilterExtension/Info.plist -producttype com.apple.product-type.app-extension -expandbuildsettings -format binary -platform iphoneos -requiredArchitecture arm64 -o /Users/runner/work/expense-tracker/expense-tracker/DerivedData/Build/Products/Release-iphoneos/MessageFilterExtension.appex/Info.plist

SwiftDriver MessageFilterExtension normal arm64 com.apple.xcode.tools.swift.compiler (in target 'MessageFilterExtension' from project 'ExpenseTracker')
    cd /Users/runner/work/expense-tracker/expense-tracker
    builtin-SwiftDriver -- /Applications/Xcode_16.2.app/Contents/Developer/Toolchains/XcodeDefault.xctoolchain/usr/bin/swiftc -module-name MessageFilterExtension -O -whole-module-optimization -enforce-exclusivity\=checked @/Users/runner/work/expense-tracker/expense-tracker/DerivedData/Build/Intermediates.noindex/ExpenseTracker.build/Release-iphoneos/MessageFilterExtension.build/Objects-normal/arm64/MessageFilterExtension.SwiftFileList -enable-bare-slash-regex -enable-experimental-feature DebugDescriptionMacro -sdk /Applications/Xcode_16.2.app/Contents/Developer/Platforms/iPhoneOS.platform/Developer/SDKs/iPhoneOS18.2.sdk -target arm64-apple-ios17.0 -g -module-cache-path /Users/runner/work/expense-tracker/expense-tracker/DerivedData/ModuleCache.noindex -Xfrontend -serialize-debugging-options -application-extension -swift-version 5 -I /Users/runner/work/expense-tracker/expense-tracker/DerivedData/Build/Products/Release-iphoneos -F /Users/runner/work/expense-tracker/expense-tracker/DerivedData/Build/Products/Release-iphoneos -c -num-threads 3 -Xcc -ivfsstatcache -Xcc /Users/runner/work/expense-tracker/expense-tracker/DerivedData/SDKStatCaches.noindex/iphoneos18.2-22C146-6f6929c68f51360d5ca70a73a7e0c2f9.sdkstatcache -output-file-map /Users/runner/work/expense-tracker/expense-tracker/DerivedData/Build/Intermediates.noindex/ExpenseTracker.build/Release-iphoneos/MessageFilterExtension.build/Objects-normal/arm64/MessageFilterExtension-OutputFileMap.json -use-frontend-parseable-output -save-temps -no-color-diagnostics -serialize-diagnostics -emit-dependencies -emit-module -emit-module-path /Users/runner/work/expense-tracker/expense-tracker/DerivedData/Build/Intermediates.noindex/ExpenseTracker.build/Release-iphoneos/MessageFilterExtension.build/Objects-normal/arm64/MessageFilterExtension.swiftmodule -validate-clang-modules-once -clang-build-session-file /Users/runner/work/expense-tracker/expense-tracker/DerivedData/ModuleCache.noindex/Session.modulevalidation -Xcc -I/Users/runner/work/expense-tracker/expense-tracker/DerivedData/Build/Intermediates.noindex/ExpenseTracker.build/Release-iphoneos/MessageFilterExtension.build/swift-overrides.hmap -emit-const-values -Xfrontend -const-gather-protocols-file -Xfrontend /Users/runner/work/expense-tracker/expense-tracker/DerivedData/Build/Intermediates.noindex/ExpenseTracker.build/Release-iphoneos/MessageFilterExtension.build/Objects-normal/arm64/MessageFilterExtension_const_extract_protocols.json -Xcc -iquote -Xcc /Users/runner/work/expense-tracker/expense-tracker/DerivedData/Build/Intermediates.noindex/ExpenseTracker.build/Release-iphoneos/MessageFilterExtension.build/MessageFilterExtension-generated-files.hmap -Xcc -I/Users/runner/work/expense-tracker/expense-tracker/DerivedData/Build/Intermediates.noindex/ExpenseTracker.build/Release-iphoneos/MessageFilterExtension.build/MessageFilterExtension-own-target-headers.hmap -Xcc -I/Users/runner/work/expense-tracker/expense-tracker/DerivedData/Build/Intermediates.noindex/ExpenseTracker.build/Release-iphoneos/MessageFilterExtension.build/MessageFilterExtension-all-target-headers.hmap -Xcc -iquote -Xcc /Users/runner/work/expense-tracker/expense-tracker/DerivedData/Build/Intermediates.noindex/ExpenseTracker.build/Release-iphoneos/MessageFilterExtension.build/MessageFilterExtension-project-headers.hmap -Xcc -I/Users/runner/work/expense-tracker/expense-tracker/DerivedData/Build/Products/Release-iphoneos/include -Xcc -I/Users/runner/work/expense-tracker/expense-tracker/DerivedData/Build/Intermediates.noindex/ExpenseTracker.build/Release-iphoneos/MessageFilterExtension.build/DerivedSources-normal/arm64 -Xcc -I/Users/runner/work/expense-tracker/expense-tracker/DerivedData/Build/Intermediates.noindex/ExpenseTracker.build/Release-iphoneos/MessageFilterExtension.build/DerivedSources/arm64 -Xcc -I/Users/runner/work/expense-tracker/expense-tracker/DerivedData/Build/Intermediates.noindex/ExpenseTracker.build/Release-iphoneos/MessageFilterExtension.build/DerivedSources -emit-objc-header -emit-objc-header-path /Users/runner/work/expense-tracker/expense-tracker/DerivedData/Build/Intermediates.noindex/ExpenseTracker.build/Release-iphoneos/MessageFilterExtension.build/Objects-normal/arm64/MessageFilterExtension-Swift.h -working-directory /Users/runner/work/expense-tracker/expense-tracker -no-emit-module-separately-wmo

SwiftDriver\ Compilation MessageFilterExtension normal arm64 com.apple.xcode.tools.swift.compiler (in target 'MessageFilterExtension' from project 'ExpenseTracker')
    cd /Users/runner/work/expense-tracker/expense-tracker
    builtin-Swift-Compilation -- /Applications/Xcode_16.2.app/Contents/Developer/Toolchains/XcodeDefault.xctoolchain/usr/bin/swiftc -module-name MessageFilterExtension -O -whole-module-optimization -enforce-exclusivity\=checked @/Users/runner/work/expense-tracker/expense-tracker/DerivedData/Build/Intermediates.noindex/ExpenseTracker.build/Release-iphoneos/MessageFilterExtension.build/Objects-normal/arm64/MessageFilterExtension.SwiftFileList -enable-bare-slash-regex -enable-experimental-feature DebugDescriptionMacro -sdk /Applications/Xcode_16.2.app/Contents/Developer/Platforms/iPhoneOS.platform/Developer/SDKs/iPhoneOS18.2.sdk -target arm64-apple-ios17.0 -g -module-cache-path /Users/runner/work/expense-tracker/expense-tracker/DerivedData/ModuleCache.noindex -Xfrontend -serialize-debugging-options -application-extension -swift-version 5 -I /Users/runner/work/expense-tracker/expense-tracker/DerivedData/Build/Products/Release-iphoneos -F /Users/runner/work/expense-tracker/expense-tracker/DerivedData/Build/Products/Release-iphoneos -c -num-threads 3 -Xcc -ivfsstatcache -Xcc /Users/runner/work/expense-tracker/expense-tracker/DerivedData/SDKStatCaches.noindex/iphoneos18.2-22C146-6f6929c68f51360d5ca70a73a7e0c2f9.sdkstatcache -output-file-map /Users/runner/work/expense-tracker/expense-tracker/DerivedData/Build/Intermediates.noindex/ExpenseTracker.build/Release-iphoneos/MessageFilterExtension.build/Objects-normal/arm64/MessageFilterExtension-OutputFileMap.json -use-frontend-parseable-output -save-temps -no-color-diagnostics -serialize-diagnostics -emit-dependencies -emit-module -emit-module-path /Users/runner/work/expense-tracker/expense-tracker/DerivedData/Build/Intermediates.noindex/ExpenseTracker.build/Release-iphoneos/MessageFilterExtension.build/Objects-normal/arm64/MessageFilterExtension.swiftmodule -validate-clang-modules-once -clang-build-session-file /Users/runner/work/expense-tracker/expense-tracker/DerivedData/ModuleCache.noindex/Session.modulevalidation -Xcc -I/Users/runner/work/expense-tracker/expense-tracker/DerivedData/Build/Intermediates.noindex/ExpenseTracker.build/Release-iphoneos/MessageFilterExtension.build/swift-overrides.hmap -emit-const-values -Xfrontend -const-gather-protocols-file -Xfrontend /Users/runner/work/expense-tracker/expense-tracker/DerivedData/Build/Intermediates.noindex/ExpenseTracker.build/Release-iphoneos/MessageFilterExtension.build/Objects-normal/arm64/MessageFilterExtension_const_extract_protocols.json -Xcc -iquote -Xcc /Users/runner/work/expense-tracker/expense-tracker/DerivedData/Build/Intermediates.noindex/ExpenseTracker.build/Release-iphoneos/MessageFilterExtension.build/MessageFilterExtension-generated-files.hmap -Xcc -I/Users/runner/work/expense-tracker/expense-tracker/DerivedData/Build/Intermediates.noindex/ExpenseTracker.build/Release-iphoneos/MessageFilterExtension.build/MessageFilterExtension-own-target-headers.hmap -Xcc -I/Users/runner/work/expense-tracker/expense-tracker/DerivedData/Build/Intermediates.noindex/ExpenseTracker.build/Release-iphoneos/MessageFilterExtension.build/MessageFilterExtension-all-target-headers.hmap -Xcc -iquote -Xcc /Users/runner/work/expense-tracker/expense-tracker/DerivedData/Build/Intermediates.noindex/ExpenseTracker.build/Release-iphoneos/MessageFilterExtension.build/MessageFilterExtension-project-headers.hmap -Xcc -I/Users/runner/work/expense-tracker/expense-tracker/DerivedData/Build/Products/Release-iphoneos/include -Xcc -I/Users/runner/work/expense-tracker/expense-tracker/DerivedData/Build/Intermediates.noindex/ExpenseTracker.build/Release-iphoneos/MessageFilterExtension.build/DerivedSources-normal/arm64 -Xcc -I/Users/runner/work/expense-tracker/expense-tracker/DerivedData/Build/Intermediates.noindex/ExpenseTracker.build/Release-iphoneos/MessageFilterExtension.build/DerivedSources/arm64 -Xcc -I/Users/runner/work/expense-tracker/expense-tracker/DerivedData/Build/Intermediates.noindex/ExpenseTracker.build/Release-iphoneos/MessageFilterExtension.build/DerivedSources -emit-objc-header -emit-objc-header-path /Users/runner/work/expense-tracker/expense-tracker/DerivedData/Build/Intermediates.noindex/ExpenseTracker.build/Release-iphoneos/MessageFilterExtension.build/Objects-normal/arm64/MessageFilterExtension-Swift.h -working-directory /Users/runner/work/expense-tracker/expense-tracker -no-emit-module-separately-wmo

SwiftCompile normal arm64 Compiling\ BankPatternRegistry.swift,\ BankSMSParser.swift,\ Enums.swift,\ MessageFilterExtension.swift,\ SharedExpenseDatabase.swift /Users/runner/work/expense-tracker/expense-tracker/Services/BankPatternRegistry.swift /Users/runner/work/expense-tracker/expense-tracker/Services/BankSMSParser.swift /Users/runner/work/expense-tracker/expense-tracker/Models/Enums.swift /Users/runner/work/expense-tracker/expense-tracker/Extensions/MessageFilterExtension/MessageFilterExtension.swift /Users/runner/work/expense-tracker/expense-tracker/Services/SharedExpenseDatabase.swift (in target 'MessageFilterExtension' from project 'ExpenseTracker')
    cd /Users/runner/work/expense-tracker/expense-tracker
    builtin-swiftTaskExecution -- /Applications/Xcode_16.2.app/Contents/Developer/Toolchains/XcodeDefault.xctoolchain/usr/bin/swift-frontend -frontend -c /Users/runner/work/expense-tracker/expense-tracker/Services/BankPatternRegistry.swift /Users/runner/work/expense-tracker/expense-tracker/Services/BankSMSParser.swift /Users/runner/work/expense-tracker/expense-tracker/Models/Enums.swift /Users/runner/work/expense-tracker/expense-tracker/Extensions/MessageFilterExtension/MessageFilterExtension.swift /Users/runner/work/expense-tracker/expense-tracker/Services/SharedExpenseDatabase.swift -supplementary-output-file-map /Users/runner/work/expense-tracker/expense-tracker/DerivedData/Build/Intermediates.noindex/ExpenseTracker.build/Release-iphoneos/MessageFilterExtension.build/Objects-normal/arm64/supplementaryOutputs-1 -target arm64-apple-ios17.0 -Xllvm -aarch64-use-tbi -enable-objc-interop -stack-check -sdk /Applications/Xcode_16.2.app/Contents/Developer/Platforms/iPhoneOS.platform/Developer/SDKs/iPhoneOS18.2.sdk -I /Users/runner/work/expense-tracker/expense-tracker/DerivedData/Build/Products/Release-iphoneos -F /Users/runner/work/expense-tracker/expense-tracker/DerivedData/Build/Products/Release-iphoneos -no-color-diagnostics -application-extension -g -debug-info-format\=dwarf -dwarf-version\=4 -module-cache-path /Users/runner/work/expense-tracker/expense-tracker/DerivedData/ModuleCache.noindex -swift-version 5 -enforce-exclusivity\=checked -O -serialize-debugging-options -const-gather-protocols-file /Users/runner/work/expense-tracker/expense-tracker/DerivedData/Build/Intermediates.noindex/ExpenseTracker.build/Release-iphoneos/MessageFilterExtension.build/Objects-normal/arm64/MessageFilterExtension_const_extract_protocols.json -enable-experimental-feature DebugDescriptionMacro -enable-bare-slash-regex -empty-abi-descriptor -validate-clang-modules-once -clang-build-session-file /Users/runner/work/expense-tracker/expense-tracker/DerivedData/ModuleCache.noindex/Session.modulevalidation -Xcc -working-directory -Xcc /Users/runner/work/expense-tracker/expense-tracker -resource-dir /Applications/Xcode_16.2.app/Contents/Developer/Toolchains/XcodeDefault.xctoolchain/usr/lib/swift -file-compilation-dir /Users/runner/work/expense-tracker/expense-tracker -Xcc -ivfsstatcache -Xcc /Users/runner/work/expense-tracker/expense-tracker/DerivedData/SDKStatCaches.noindex/iphoneos18.2-22C146-6f6929c68f51360d5ca70a73a7e0c2f9.sdkstatcache -Xcc -I/Users/runner/work/expense-tracker/expense-tracker/DerivedData/Build/Intermediates.noindex/ExpenseTracker.build/Release-iphoneos/MessageFilterExtension.build/swift-overrides.hmap -Xcc -iquote -Xcc /Users/runner/work/expense-tracker/expense-tracker/DerivedData/Build/Intermediates.noindex/ExpenseTracker.build/Release-iphoneos/MessageFilterExtension.build/MessageFilterExtension-generated-files.hmap -Xcc -I/Users/runner/work/expense-tracker/expense-tracker/DerivedData/Build/Intermediates.noindex/ExpenseTracker.build/Release-iphoneos/MessageFilterExtension.build/MessageFilterExtension-own-target-headers.hmap -Xcc -I/Users/runner/work/expense-tracker/expense-tracker/DerivedData/Build/Intermediates.noindex/ExpenseTracker.build/Release-iphoneos/MessageFilterExtension.build/MessageFilterExtension-all-target-headers.hmap -Xcc -iquote -Xcc /Users/runner/work/expense-tracker/expense-tracker/DerivedData/Build/Intermediates.noindex/ExpenseTracker.build/Release-iphoneos/MessageFilterExtension.build/MessageFilterExtension-project-headers.hmap -Xcc -I/Users/runner/work/expense-tracker/expense-tracker/DerivedData/Build/Products/Release-iphoneos/include -Xcc -I/Users/runner/work/expense-tracker/expense-tracker/DerivedData/Build/Intermediates.noindex/ExpenseTracker.build/Release-iphoneos/MessageFilterExtension.build/DerivedSources-normal/arm64 -Xcc -I/Users/runner/work/expense-tracker/expense-tracker/DerivedData/Build/Intermediates.noindex/ExpenseTracker.build/Release-iphoneos/MessageFilterExtension.build/DerivedSources/arm64 -Xcc -I/Users/runner/work/expense-tracker/expense-tracker/DerivedData/Build/Intermediates.noindex/ExpenseTracker.build/Release-iphoneos/MessageFilterExtension.build/DerivedSources -module-name MessageFilterExtension -frontend-parseable-output -disable-clang-spi -target-sdk-version 18.2 -target-sdk-name iphoneos18.2 -external-plugin-path /Applications/Xcode_16.2.app/Contents/Developer/Platforms/iPhoneOS.platform/Developer/usr/lib/swift/host/plugins\#/Applications/Xcode_16.2.app/Contents/Developer/Platforms/iPhoneOS.platform/Developer/usr/bin/swift-plugin-server -external-plugin-path /Applications/Xcode_16.2.app/Contents/Developer/Platforms/iPhoneOS.platform/Developer/usr/local/lib/swift/host/plugins\#/Applications/Xcode_16.2.app/Contents/Developer/Platforms/iPhoneOS.platform/Developer/usr/bin/swift-plugin-server -plugin-path /Applications/Xcode_16.2.app/Contents/Developer/Toolchains/XcodeDefault.xctoolchain/usr/lib/swift/host/plugins -plugin-path /Applications/Xcode_16.2.app/Contents/Developer/Toolchains/XcodeDefault.xctoolchain/usr/local/lib/swift/host/plugins -enable-default-cmo -num-threads 3 -o /Users/runner/work/expense-tracker/expense-tracker/DerivedData/Build/Intermediates.noindex/ExpenseTracker.build/Release-iphoneos/MessageFilterExtension.build/Objects-normal/arm64/BankPatternRegistry.o -o /Users/runner/work/expense-tracker/expense-tracker/DerivedData/Build/Intermediates.noindex/ExpenseTracker.build/Release-iphoneos/MessageFilterExtension.build/Objects-normal/arm64/BankSMSParser.o -o /Users/runner/work/expense-tracker/expense-tracker/DerivedData/Build/Intermediates.noindex/ExpenseTracker.build/Release-iphoneos/MessageFilterExtension.build/Objects-normal/arm64/Enums.o -o /Users/runner/work/expense-tracker/expense-tracker/DerivedData/Build/Intermediates.noindex/ExpenseTracker.build/Release-iphoneos/MessageFilterExtension.build/Objects-normal/arm64/MessageFilterExtension.o -o /Users/runner/work/expense-tracker/expense-tracker/DerivedData/Build/Intermediates.noindex/ExpenseTracker.build/Release-iphoneos/MessageFilterExtension.build/Objects-normal/arm64/SharedExpenseDatabase.o -index-unit-output-path /ExpenseTracker.build/Release-iphoneos/MessageFilterExtension.build/Objects-normal/arm64/BankPatternRegistry.o -index-unit-output-path /ExpenseTracker.build/Release-iphoneos/MessageFilterExtension.build/Objects-normal/arm64/BankSMSParser.o -index-unit-output-path /ExpenseTracker.build/Release-iphoneos/MessageFilterExtension.build/Objects-normal/arm64/Enums.o -index-unit-output-path /ExpenseTracker.build/Release-iphoneos/MessageFilterExtension.build/Objects-normal/arm64/MessageFilterExtension.o -index-unit-output-path /ExpenseTracker.build/Release-iphoneos/MessageFilterExtension.build/Objects-normal/arm64/SharedExpenseDatabase.o

CompileSwift normal arm64 (in target 'MessageFilterExtension' from project 'ExpenseTracker')
    cd /Users/runner/work/expense-tracker/expense-tracker
    /Applications/Xcode_16.2.app/Contents/Developer/Toolchains/XcodeDefault.xctoolchain/usr/bin/swift-frontend -c /Users/runner/work/expense-tracker/expense-tracker/Services/BankPatternRegistry.swift /Users/runner/work/expense-tracker/expense-tracker/Services/BankSMSParser.swift /Users/runner/work/expense-tracker/expense-tracker/Models/Enums.swift /Users/runner/work/expense-tracker/expense-tracker/Extensions/MessageFilterExtension/MessageFilterExtension.swift /Users/runner/work/expense-tracker/expense-tracker/Services/SharedExpenseDatabase.swift -supplementary-output-file-map /Users/runner/work/expense-tracker/expense-tracker/DerivedData/Build/Intermediates.noindex/ExpenseTracker.build/Release-iphoneos/MessageFilterExtension.build/Objects-normal/arm64/supplementaryOutputs-1 -target arm64-apple-ios17.0 -Xllvm -aarch64-use-tbi -enable-objc-interop -stack-check -sdk /Applications/Xcode_16.2.app/Contents/Developer/Platforms/iPhoneOS.platform/Developer/SDKs/iPhoneOS18.2.sdk -I /Users/runner/work/expense-tracker/expense-tracker/DerivedData/Build/Products/Release-iphoneos -F /Users/runner/work/expense-tracker/expense-tracker/DerivedData/Build/Products/Release-iphoneos -no-color-diagnostics -application-extension -g -debug-info-format\=dwarf -dwarf-version\=4 -module-cache-path /Users/runner/work/expense-tracker/expense-tracker/DerivedData/ModuleCache.noindex -swift-version 5 -enforce-exclusivity\=checked -O -serialize-debugging-options -const-gather-protocols-file /Users/runner/work/expense-tracker/expense-tracker/DerivedData/Build/Intermediates.noindex/ExpenseTracker.build/Release-iphoneos/MessageFilterExtension.build/Objects-normal/arm64/MessageFilterExtension_const_extract_protocols.json -enable-experimental-feature DebugDescriptionMacro -enable-bare-slash-regex -empty-abi-descriptor -validate-clang-modules-once -clang-build-session-file /Users/runner/work/expense-tracker/expense-tracker/DerivedData/ModuleCache.noindex/Session.modulevalidation -Xcc -working-directory -Xcc /Users/runner/work/expense-tracker/expense-tracker -resource-dir /Applications/Xcode_16.2.app/Contents/Developer/Toolchains/XcodeDefault.xctoolchain/usr/lib/swift -file-compilation-dir /Users/runner/work/expense-tracker/expense-tracker -Xcc -ivfsstatcache -Xcc /Users/runner/work/expense-tracker/expense-tracker/DerivedData/SDKStatCaches.noindex/iphoneos18.2-22C146-6f6929c68f51360d5ca70a73a7e0c2f9.sdkstatcache -Xcc -I/Users/runner/work/expense-tracker/expense-tracker/DerivedData/Build/Intermediates.noindex/ExpenseTracker.build/Release-iphoneos/MessageFilterExtension.build/swift-overrides.hmap -Xcc -iquote -Xcc /Users/runner/work/expense-tracker/expense-tracker/DerivedData/Build/Intermediates.noindex/ExpenseTracker.build/Release-iphoneos/MessageFilterExtension.build/MessageFilterExtension-generated-files.hmap -Xcc -I/Users/runner/work/expense-tracker/expense-tracker/DerivedData/Build/Intermediates.noindex/ExpenseTracker.build/Release-iphoneos/MessageFilterExtension.build/MessageFilterExtension-own-target-headers.hmap -Xcc -I/Users/runner/work/expense-tracker/expense-tracker/DerivedData/Build/Intermediates.noindex/ExpenseTracker.build/Release-iphoneos/MessageFilterExtension.build/MessageFilterExtension-all-target-headers.hmap -Xcc -iquote -Xcc /Users/runner/work/expense-tracker/expense-tracker/DerivedData/Build/Intermediates.noindex/ExpenseTracker.build/Release-iphoneos/MessageFilterExtension.build/MessageFilterExtension-project-headers.hmap -Xcc -I/Users/runner/work/expense-tracker/expense-tracker/DerivedData/Build/Products/Release-iphoneos/include -Xcc -I/Users/runner/work/expense-tracker/expense-tracker/DerivedData/Build/Intermediates.noindex/ExpenseTracker.build/Release-iphoneos/MessageFilterExtension.build/DerivedSources-normal/arm64 -Xcc -I/Users/runner/work/expense-tracker/expense-tracker/DerivedData/Build/Intermediates.noindex/ExpenseTracker.build/Release-iphoneos/MessageFilterExtension.build/DerivedSources/arm64 -Xcc -I/Users/runner/work/expense-tracker/expense-tracker/DerivedData/Build/Intermediates.noindex/ExpenseTracker.build/Release-iphoneos/MessageFilterExtension.build/DerivedSources -module-name MessageFilterExtension -frontend-parseable-output -disable-clang-spi -target-sdk-version 18.2 -target-sdk-name iphoneos18.2 -external-plugin-path /Applications/Xcode_16.2.app/Contents/Developer/Platforms/iPhoneOS.platform/Developer/usr/lib/swift/host/plugins\#/Applications/Xcode_16.2.app/Contents/Developer/Platforms/iPhoneOS.platform/Developer/usr/bin/swift-plugin-server -external-plugin-path /Applications/Xcode_16.2.app/Contents/Developer/Platforms/iPhoneOS.platform/Developer/usr/local/lib/swift/host/plugins\#/Applications/Xcode_16.2.app/Contents/Developer/Platforms/iPhoneOS.platform/Developer/usr/bin/swift-plugin-server -plugin-path /Applications/Xcode_16.2.app/Contents/Developer/Toolchains/XcodeDefault.xctoolchain/usr/lib/swift/host/plugins -plugin-path /Applications/Xcode_16.2.app/Contents/Developer/Toolchains/XcodeDefault.xctoolchain/usr/local/lib/swift/host/plugins -enable-default-cmo -num-threads 3 -o /Users/runner/work/expense-tracker/expense-tracker/DerivedData/Build/Intermediates.noindex/ExpenseTracker.build/Release-iphoneos/MessageFilterExtension.build/Objects-normal/arm64/BankPatternRegistry.o -o /Users/runner/work/expense-tracker/expense-tracker/DerivedData/Build/Intermediates.noindex/ExpenseTracker.build/Release-iphoneos/MessageFilterExtension.build/Objects-normal/arm64/BankSMSParser.o -o /Users/runner/work/expense-tracker/expense-tracker/DerivedData/Build/Intermediates.noindex/ExpenseTracker.build/Release-iphoneos/MessageFilterExtension.build/Objects-normal/arm64/Enums.o -o /Users/runner/work/expense-tracker/expense-tracker/DerivedData/Build/Intermediates.noindex/ExpenseTracker.build/Release-iphoneos/MessageFilterExtension.build/Objects-normal/arm64/MessageFilterExtension.o -o /Users/runner/work/expense-tracker/expense-tracker/DerivedData/Build/Intermediates.noindex/ExpenseTracker.build/Release-iphoneos/MessageFilterExtension.build/Objects-normal/arm64/SharedExpenseDatabase.o -index-unit-output-path /ExpenseTracker.build/Release-iphoneos/MessageFilterExtension.build/Objects-normal/arm64/BankPatternRegistry.o -index-unit-output-path /ExpenseTracker.build/Release-iphoneos/MessageFilterExtension.build/Objects-normal/arm64/BankSMSParser.o -index-unit-output-path /ExpenseTracker.build/Release-iphoneos/MessageFilterExtension.build/Objects-normal/arm64/Enums.o -index-unit-output-path /ExpenseTracker.build/Release-iphoneos/MessageFilterExtension.build/Objects-normal/arm64/MessageFilterExtension.o -index-unit-output-path /ExpenseTracker.build/Release-iphoneos/MessageFilterExtension.build/Objects-normal/arm64/SharedExpenseDatabase.o

SwiftDriverJobDiscovery normal arm64 Compiling BankPatternRegistry.swift, BankSMSParser.swift, Enums.swift, MessageFilterExtension.swift, SharedExpenseDatabase.swift (in target 'MessageFilterExtension' from project 'ExpenseTracker')

SwiftDriver\ Compilation\ Requirements MessageFilterExtension normal arm64 com.apple.xcode.tools.swift.compiler (in target 'MessageFilterExtension' from project 'ExpenseTracker')
    cd /Users/runner/work/expense-tracker/expense-tracker
    builtin-Swift-Compilation-Requirements -- /Applications/Xcode_16.2.app/Contents/Developer/Toolchains/XcodeDefault.xctoolchain/usr/bin/swiftc -module-name MessageFilterExtension -O -whole-module-optimization -enforce-exclusivity\=checked @/Users/runner/work/expense-tracker/expense-tracker/DerivedData/Build/Intermediates.noindex/ExpenseTracker.build/Release-iphoneos/MessageFilterExtension.build/Objects-normal/arm64/MessageFilterExtension.SwiftFileList -enable-bare-slash-regex -enable-experimental-feature DebugDescriptionMacro -sdk /Applications/Xcode_16.2.app/Contents/Developer/Platforms/iPhoneOS.platform/Developer/SDKs/iPhoneOS18.2.sdk -target arm64-apple-ios17.0 -g -module-cache-path /Users/runner/work/expense-tracker/expense-tracker/DerivedData/ModuleCache.noindex -Xfrontend -serialize-debugging-options -application-extension -swift-version 5 -I /Users/runner/work/expense-tracker/expense-tracker/DerivedData/Build/Products/Release-iphoneos -F /Users/runner/work/expense-tracker/expense-tracker/DerivedData/Build/Products/Release-iphoneos -c -num-threads 3 -Xcc -ivfsstatcache -Xcc /Users/runner/work/expense-tracker/expense-tracker/DerivedData/SDKStatCaches.noindex/iphoneos18.2-22C146-6f6929c68f51360d5ca70a73a7e0c2f9.sdkstatcache -output-file-map /Users/runner/work/expense-tracker/expense-tracker/DerivedData/Build/Intermediates.noindex/ExpenseTracker.build/Release-iphoneos/MessageFilterExtension.build/Objects-normal/arm64/MessageFilterExtension-OutputFileMap.json -use-frontend-parseable-output -save-temps -no-color-diagnostics -serialize-diagnostics -emit-dependencies -emit-module -emit-module-path /Users/runner/work/expense-tracker/expense-tracker/DerivedData/Build/Intermediates.noindex/ExpenseTracker.build/Release-iphoneos/MessageFilterExtension.build/Objects-normal/arm64/MessageFilterExtension.swiftmodule -validate-clang-modules-once -clang-build-session-file /Users/runner/work/expense-tracker/expense-tracker/DerivedData/ModuleCache.noindex/Session.modulevalidation -Xcc -I/Users/runner/work/expense-tracker/expense-tracker/DerivedData/Build/Intermediates.noindex/ExpenseTracker.build/Release-iphoneos/MessageFilterExtension.build/swift-overrides.hmap -emit-const-values -Xfrontend -const-gather-protocols-file -Xfrontend /Users/runner/work/expense-tracker/expense-tracker/DerivedData/Build/Intermediates.noindex/ExpenseTracker.build/Release-iphoneos/MessageFilterExtension.build/Objects-normal/arm64/MessageFilterExtension_const_extract_protocols.json -Xcc -iquote -Xcc /Users/runner/work/expense-tracker/expense-tracker/DerivedData/Build/Intermediates.noindex/ExpenseTracker.build/Release-iphoneos/MessageFilterExtension.build/MessageFilterExtension-generated-files.hmap -Xcc -I/Users/runner/work/expense-tracker/expense-tracker/DerivedData/Build/Intermediates.noindex/ExpenseTracker.build/Release-iphoneos/MessageFilterExtension.build/MessageFilterExtension-own-target-headers.hmap -Xcc -I/Users/runner/work/expense-tracker/expense-tracker/DerivedData/Build/Intermediates.noindex/ExpenseTracker.build/Release-iphoneos/MessageFilterExtension.build/MessageFilterExtension-all-target-headers.hmap -Xcc -iquote -Xcc /Users/runner/work/expense-tracker/expense-tracker/DerivedData/Build/Intermediates.noindex/ExpenseTracker.build/Release-iphoneos/MessageFilterExtension.build/MessageFilterExtension-project-headers.hmap -Xcc -I/Users/runner/work/expense-tracker/expense-tracker/DerivedData/Build/Products/Release-iphoneos/include -Xcc -I/Users/runner/work/expense-tracker/expense-tracker/DerivedData/Build/Intermediates.noindex/ExpenseTracker.build/Release-iphoneos/MessageFilterExtension.build/DerivedSources-normal/arm64 -Xcc -I/Users/runner/work/expense-tracker/expense-tracker/DerivedData/Build/Intermediates.noindex/ExpenseTracker.build/Release-iphoneos/MessageFilterExtension.build/DerivedSources/arm64 -Xcc -I/Users/runner/work/expense-tracker/expense-tracker/DerivedData/Build/Intermediates.noindex/ExpenseTracker.build/Release-iphoneos/MessageFilterExtension.build/DerivedSources -emit-objc-header -emit-objc-header-path /Users/runner/work/expense-tracker/expense-tracker/DerivedData/Build/Intermediates.noindex/ExpenseTracker.build/Release-iphoneos/MessageFilterExtension.build/Objects-normal/arm64/MessageFilterExtension-Swift.h -working-directory /Users/runner/work/expense-tracker/expense-tracker -no-emit-module-separately-wmo

SwiftMergeGeneratedHeaders /Users/runner/work/expense-tracker/expense-tracker/DerivedData/Build/Intermediates.noindex/ExpenseTracker.build/Release-iphoneos/MessageFilterExtension.build/DerivedSources/MessageFilterExtension-Swift.h /Users/runner/work/expense-tracker/expense-tracker/DerivedData/Build/Intermediates.noindex/ExpenseTracker.build/Release-iphoneos/MessageFilterExtension.build/Objects-normal/arm64/MessageFilterExtension-Swift.h (in target 'MessageFilterExtension' from project 'ExpenseTracker')
    cd /Users/runner/work/expense-tracker/expense-tracker
    builtin-swiftHeaderTool -arch arm64 /Users/runner/work/expense-tracker/expense-tracker/DerivedData/Build/Intermediates.noindex/ExpenseTracker.build/Release-iphoneos/MessageFilterExtension.build/Objects-normal/arm64/MessageFilterExtension-Swift.h -o /Users/runner/work/expense-tracker/expense-tracker/DerivedData/Build/Intermediates.noindex/ExpenseTracker.build/Release-iphoneos/MessageFilterExtension.build/DerivedSources/MessageFilterExtension-Swift.h

Copy /Users/runner/work/expense-tracker/expense-tracker/DerivedData/Build/Products/Release-iphoneos/MessageFilterExtension.swiftmodule/arm64-apple-ios.swiftmodule /Users/runner/work/expense-tracker/expense-tracker/DerivedData/Build/Intermediates.noindex/ExpenseTracker.build/Release-iphoneos/MessageFilterExtension.build/Objects-normal/arm64/MessageFilterExtension.swiftmodule (in target 'MessageFilterExtension' from project 'ExpenseTracker')
    cd /Users/runner/work/expense-tracker/expense-tracker
    builtin-copy -exclude .DS_Store -exclude CVS -exclude .svn -exclude .git -exclude .hg -resolve-src-symlinks -rename /Users/runner/work/expense-tracker/expense-tracker/DerivedData/Build/Intermediates.noindex/ExpenseTracker.build/Release-iphoneos/MessageFilterExtension.build/Objects-normal/arm64/MessageFilterExtension.swiftmodule /Users/runner/work/expense-tracker/expense-tracker/DerivedData/Build/Products/Release-iphoneos/MessageFilterExtension.swiftmodule/arm64-apple-ios.swiftmodule

Copy /Users/runner/work/expense-tracker/expense-tracker/DerivedData/Build/Products/Release-iphoneos/MessageFilterExtension.swiftmodule/arm64-apple-ios.swiftdoc /Users/runner/work/expense-tracker/expense-tracker/DerivedData/Build/Intermediates.noindex/ExpenseTracker.build/Release-iphoneos/MessageFilterExtension.build/Objects-normal/arm64/MessageFilterExtension.swiftdoc (in target 'MessageFilterExtension' from project 'ExpenseTracker')
    cd /Users/runner/work/expense-tracker/expense-tracker
    builtin-copy -exclude .DS_Store -exclude CVS -exclude .svn -exclude .git -exclude .hg -resolve-src-symlinks -rename /Users/runner/work/expense-tracker/expense-tracker/DerivedData/Build/Intermediates.noindex/ExpenseTracker.build/Release-iphoneos/MessageFilterExtension.build/Objects-normal/arm64/MessageFilterExtension.swiftdoc /Users/runner/work/expense-tracker/expense-tracker/DerivedData/Build/Products/Release-iphoneos/MessageFilterExtension.swiftmodule/arm64-apple-ios.swiftdoc

Copy /Users/runner/work/expense-tracker/expense-tracker/DerivedData/Build/Products/Release-iphoneos/MessageFilterExtension.swiftmodule/arm64-apple-ios.abi.json /Users/runner/work/expense-tracker/expense-tracker/DerivedData/Build/Intermediates.noindex/ExpenseTracker.build/Release-iphoneos/MessageFilterExtension.build/Objects-normal/arm64/MessageFilterExtension.abi.json (in target 'MessageFilterExtension' from project 'ExpenseTracker')
    cd /Users/runner/work/expense-tracker/expense-tracker
    builtin-copy -exclude .DS_Store -exclude CVS -exclude .svn -exclude .git -exclude .hg -resolve-src-symlinks -rename /Users/runner/work/expense-tracker/expense-tracker/DerivedData/Build/Intermediates.noindex/ExpenseTracker.build/Release-iphoneos/MessageFilterExtension.build/Objects-normal/arm64/MessageFilterExtension.abi.json /Users/runner/work/expense-tracker/expense-tracker/DerivedData/Build/Products/Release-iphoneos/MessageFilterExtension.swiftmodule/arm64-apple-ios.abi.json

Copy /Users/runner/work/expense-tracker/expense-tracker/DerivedData/Build/Products/Release-iphoneos/MessageFilterExtension.swiftmodule/Project/arm64-apple-ios.swiftsourceinfo /Users/runner/work/expense-tracker/expense-tracker/DerivedData/Build/Intermediates.noindex/ExpenseTracker.build/Release-iphoneos/MessageFilterExtension.build/Objects-normal/arm64/MessageFilterExtension.swiftsourceinfo (in target 'MessageFilterExtension' from project 'ExpenseTracker')
    cd /Users/runner/work/expense-tracker/expense-tracker
    builtin-copy -exclude .DS_Store -exclude CVS -exclude .svn -exclude .git -exclude .hg -resolve-src-symlinks -rename /Users/runner/work/expense-tracker/expense-tracker/DerivedData/Build/Intermediates.noindex/ExpenseTracker.build/Release-iphoneos/MessageFilterExtension.build/Objects-normal/arm64/MessageFilterExtension.swiftsourceinfo /Users/runner/work/expense-tracker/expense-tracker/DerivedData/Build/Products/Release-iphoneos/MessageFilterExtension.swiftmodule/Project/arm64-apple-ios.swiftsourceinfo

Ld /Users/runner/work/expense-tracker/expense-tracker/DerivedData/Build/Products/Release-iphoneos/MessageFilterExtension.appex/MessageFilterExtension normal (in target 'MessageFilterExtension' from project 'ExpenseTracker')
    cd /Users/runner/work/expense-tracker/expense-tracker
    /Applications/Xcode_16.2.app/Contents/Developer/Toolchains/XcodeDefault.xctoolchain/usr/bin/clang -Xlinker -reproducible -target arm64-apple-ios17.0 -isysroot /Applications/Xcode_16.2.app/Contents/Developer/Platforms/iPhoneOS.platform/Developer/SDKs/iPhoneOS18.2.sdk -Os -L/Users/runner/work/expense-tracker/expense-tracker/DerivedData/Build/Intermediates.noindex/EagerLinkingTBDs/Release-iphoneos -L/Users/runner/work/expense-tracker/expense-tracker/DerivedData/Build/Products/Release-iphoneos -F/Users/runner/work/expense-tracker/expense-tracker/DerivedData/Build/Intermediates.noindex/EagerLinkingTBDs/Release-iphoneos -F/Users/runner/work/expense-tracker/expense-tracker/DerivedData/Build/Products/Release-iphoneos -filelist /Users/runner/work/expense-tracker/expense-tracker/DerivedData/Build/Intermediates.noindex/ExpenseTracker.build/Release-iphoneos/MessageFilterExtension.build/Objects-normal/arm64/MessageFilterExtension.LinkFileList -Xlinker -rpath -Xlinker @executable_path/Frameworks -Xlinker -rpath -Xlinker @executable_path/../../Frameworks -dead_strip -Xlinker -object_path_lto -Xlinker /Users/runner/work/expense-tracker/expense-tracker/DerivedData/Build/Intermediates.noindex/ExpenseTracker.build/Release-iphoneos/MessageFilterExtension.build/Objects-normal/arm64/MessageFilterExtension_lto.o -e _NSExtensionMain -fapplication-extension -fobjc-link-runtime -L/Applications/Xcode_16.2.app/Contents/Developer/Toolchains/XcodeDefault.xctoolchain/usr/lib/swift/iphoneos -L/usr/lib/swift -Xlinker -add_ast_path -Xlinker /Users/runner/work/expense-tracker/expense-tracker/DerivedData/Build/Intermediates.noindex/ExpenseTracker.build/Release-iphoneos/MessageFilterExtension.build/Objects-normal/arm64/MessageFilterExtension.swiftmodule -Xlinker -no_adhoc_codesign -Xlinker -dependency_info -Xlinker /Users/runner/work/expense-tracker/expense-tracker/DerivedData/Build/Intermediates.noindex/ExpenseTracker.build/Release-iphoneos/MessageFilterExtension.build/Objects-normal/arm64/MessageFilterExtension_dependency_info.dat -o /Users/runner/work/expense-tracker/expense-tracker/DerivedData/Build/Products/Release-iphoneos/MessageFilterExtension.appex/MessageFilterExtension

SwiftDriver ExpenseTracker normal arm64 com.apple.xcode.tools.swift.compiler (in target 'ExpenseTracker' from project 'ExpenseTracker')
    cd /Users/runner/work/expense-tracker/expense-tracker
    builtin-SwiftDriver -- /Applications/Xcode_16.2.app/Contents/Developer/Toolchains/XcodeDefault.xctoolchain/usr/bin/swiftc -module-name ExpenseTracker -O -whole-module-optimization -enforce-exclusivity\=checked @/Users/runner/work/expense-tracker/expense-tracker/DerivedData/Build/Intermediates.noindex/ExpenseTracker.build/Release-iphoneos/ExpenseTracker.build/Objects-normal/arm64/ExpenseTracker.SwiftFileList -enable-bare-slash-regex -enable-experimental-feature DebugDescriptionMacro -sdk /Applications/Xcode_16.2.app/Contents/Developer/Platforms/iPhoneOS.platform/Developer/SDKs/iPhoneOS18.2.sdk -target arm64-apple-ios17.0 -g -module-cache-path /Users/runner/work/expense-tracker/expense-tracker/DerivedData/ModuleCache.noindex -Xfrontend -serialize-debugging-options -swift-version 5 -I /Users/runner/work/expense-tracker/expense-tracker/DerivedData/Build/Products/Release-iphoneos -F /Users/runner/work/expense-tracker/expense-tracker/DerivedData/Build/Products/Release-iphoneos -c -num-threads 3 -Xcc -ivfsstatcache -Xcc /Users/runner/work/expense-tracker/expense-tracker/DerivedData/SDKStatCaches.noindex/iphoneos18.2-22C146-6f6929c68f51360d5ca70a73a7e0c2f9.sdkstatcache -output-file-map /Users/runner/work/expense-tracker/expense-tracker/DerivedData/Build/Intermediates.noindex/ExpenseTracker.build/Release-iphoneos/ExpenseTracker.build/Objects-normal/arm64/ExpenseTracker-OutputFileMap.json -use-frontend-parseable-output -save-temps -no-color-diagnostics -serialize-diagnostics -emit-dependencies -emit-module -emit-module-path /Users/runner/work/expense-tracker/expense-tracker/DerivedData/Build/Intermediates.noindex/ExpenseTracker.build/Release-iphoneos/ExpenseTracker.build/Objects-normal/arm64/ExpenseTracker.swiftmodule -validate-clang-modules-once -clang-build-session-file /Users/runner/work/expense-tracker/expense-tracker/DerivedData/ModuleCache.noindex/Session.modulevalidation -Xcc -I/Users/runner/work/expense-tracker/expense-tracker/DerivedData/Build/Intermediates.noindex/ExpenseTracker.build/Release-iphoneos/ExpenseTracker.build/swift-overrides.hmap -emit-const-values -Xfrontend -const-gather-protocols-file -Xfrontend /Users/runner/work/expense-tracker/expense-tracker/DerivedData/Build/Intermediates.noindex/ExpenseTracker.build/Release-iphoneos/ExpenseTracker.build/Objects-normal/arm64/ExpenseTracker_const_extract_protocols.json -Xcc -iquote -Xcc /Users/runner/work/expense-tracker/expense-tracker/DerivedData/Build/Intermediates.noindex/ExpenseTracker.build/Release-iphoneos/ExpenseTracker.build/ExpenseTracker-generated-files.hmap -Xcc -I/Users/runner/work/expense-tracker/expense-tracker/DerivedData/Build/Intermediates.noindex/ExpenseTracker.build/Release-iphoneos/ExpenseTracker.build/ExpenseTracker-own-target-headers.hmap -Xcc -I/Users/runner/work/expense-tracker/expense-tracker/DerivedData/Build/Intermediates.noindex/ExpenseTracker.build/Release-iphoneos/ExpenseTracker.build/ExpenseTracker-all-target-headers.hmap -Xcc -iquote -Xcc /Users/runner/work/expense-tracker/expense-tracker/DerivedData/Build/Intermediates.noindex/ExpenseTracker.build/Release-iphoneos/ExpenseTracker.build/ExpenseTracker-project-headers.hmap -Xcc -I/Users/runner/work/expense-tracker/expense-tracker/DerivedData/Build/Products/Release-iphoneos/include -Xcc -I/Users/runner/work/expense-tracker/expense-tracker/DerivedData/Build/Intermediates.noindex/ExpenseTracker.build/Release-iphoneos/ExpenseTracker.build/DerivedSources-normal/arm64 -Xcc -I/Users/runner/work/expense-tracker/expense-tracker/DerivedData/Build/Intermediates.noindex/ExpenseTracker.build/Release-iphoneos/ExpenseTracker.build/DerivedSources/arm64 -Xcc -I/Users/runner/work/expense-tracker/expense-tracker/DerivedData/Build/Intermediates.noindex/ExpenseTracker.build/Release-iphoneos/ExpenseTracker.build/DerivedSources -emit-objc-header -emit-objc-header-path /Users/runner/work/expense-tracker/expense-tracker/DerivedData/Build/Intermediates.noindex/ExpenseTracker.build/Release-iphoneos/ExpenseTracker.build/Objects-normal/arm64/ExpenseTracker-Swift.h -working-directory /Users/runner/work/expense-tracker/expense-tracker -no-emit-module-separately-wmo

SwiftDriver\ Compilation ExpenseTracker normal arm64 com.apple.xcode.tools.swift.compiler (in target 'ExpenseTracker' from project 'ExpenseTracker')
    cd /Users/runner/work/expense-tracker/expense-tracker
    builtin-Swift-Compilation -- /Applications/Xcode_16.2.app/Contents/Developer/Toolchains/XcodeDefault.xctoolchain/usr/bin/swiftc -module-name ExpenseTracker -O -whole-module-optimization -enforce-exclusivity\=checked @/Users/runner/work/expense-tracker/expense-tracker/DerivedData/Build/Intermediates.noindex/ExpenseTracker.build/Release-iphoneos/ExpenseTracker.build/Objects-normal/arm64/ExpenseTracker.SwiftFileList -enable-bare-slash-regex -enable-experimental-feature DebugDescriptionMacro -sdk /Applications/Xcode_16.2.app/Contents/Developer/Platforms/iPhoneOS.platform/Developer/SDKs/iPhoneOS18.2.sdk -target arm64-apple-ios17.0 -g -module-cache-path /Users/runner/work/expense-tracker/expense-tracker/DerivedData/ModuleCache.noindex -Xfrontend -serialize-debugging-options -swift-version 5 -I /Users/runner/work/expense-tracker/expense-tracker/DerivedData/Build/Products/Release-iphoneos -F /Users/runner/work/expense-tracker/expense-tracker/DerivedData/Build/Products/Release-iphoneos -c -num-threads 3 -Xcc -ivfsstatcache -Xcc /Users/runner/work/expense-tracker/expense-tracker/DerivedData/SDKStatCaches.noindex/iphoneos18.2-22C146-6f6929c68f51360d5ca70a73a7e0c2f9.sdkstatcache -output-file-map /Users/runner/work/expense-tracker/expense-tracker/DerivedData/Build/Intermediates.noindex/ExpenseTracker.build/Release-iphoneos/ExpenseTracker.build/Objects-normal/arm64/ExpenseTracker-OutputFileMap.json -use-frontend-parseable-output -save-temps -no-color-diagnostics -serialize-diagnostics -emit-dependencies -emit-module -emit-module-path /Users/runner/work/expense-tracker/expense-tracker/DerivedData/Build/Intermediates.noindex/ExpenseTracker.build/Release-iphoneos/ExpenseTracker.build/Objects-normal/arm64/ExpenseTracker.swiftmodule -validate-clang-modules-once -clang-build-session-file /Users/runner/work/expense-tracker/expense-tracker/DerivedData/ModuleCache.noindex/Session.modulevalidation -Xcc -I/Users/runner/work/expense-tracker/expense-tracker/DerivedData/Build/Intermediates.noindex/ExpenseTracker.build/Release-iphoneos/ExpenseTracker.build/swift-overrides.hmap -emit-const-values -Xfrontend -const-gather-protocols-file -Xfrontend /Users/runner/work/expense-tracker/expense-tracker/DerivedData/Build/Intermediates.noindex/ExpenseTracker.build/Release-iphoneos/ExpenseTracker.build/Objects-normal/arm64/ExpenseTracker_const_extract_protocols.json -Xcc -iquote -Xcc /Users/runner/work/expense-tracker/expense-tracker/DerivedData/Build/Intermediates.noindex/ExpenseTracker.build/Release-iphoneos/ExpenseTracker.build/ExpenseTracker-generated-files.hmap -Xcc -I/Users/runner/work/expense-tracker/expense-tracker/DerivedData/Build/Intermediates.noindex/ExpenseTracker.build/Release-iphoneos/ExpenseTracker.build/ExpenseTracker-own-target-headers.hmap -Xcc -I/Users/runner/work/expense-tracker/expense-tracker/DerivedData/Build/Intermediates.noindex/ExpenseTracker.build/Release-iphoneos/ExpenseTracker.build/ExpenseTracker-all-target-headers.hmap -Xcc -iquote -Xcc /Users/runner/work/expense-tracker/expense-tracker/DerivedData/Build/Intermediates.noindex/ExpenseTracker.build/Release-iphoneos/ExpenseTracker.build/ExpenseTracker-project-headers.hmap -Xcc -I/Users/runner/work/expense-tracker/expense-tracker/DerivedData/Build/Products/Release-iphoneos/include -Xcc -I/Users/runner/work/expense-tracker/expense-tracker/DerivedData/Build/Intermediates.noindex/ExpenseTracker.build/Release-iphoneos/ExpenseTracker.build/DerivedSources-normal/arm64 -Xcc -I/Users/runner/work/expense-tracker/expense-tracker/DerivedData/Build/Intermediates.noindex/ExpenseTracker.build/Release-iphoneos/ExpenseTracker.build/DerivedSources/arm64 -Xcc -I/Users/runner/work/expense-tracker/expense-tracker/DerivedData/Build/Intermediates.noindex/ExpenseTracker.build/Release-iphoneos/ExpenseTracker.build/DerivedSources -emit-objc-header -emit-objc-header-path /Users/runner/work/expense-tracker/expense-tracker/DerivedData/Build/Intermediates.noindex/ExpenseTracker.build/Release-iphoneos/ExpenseTracker.build/Objects-normal/arm64/ExpenseTracker-Swift.h -working-directory /Users/runner/work/expense-tracker/expense-tracker -no-emit-module-separately-wmo

SwiftCompile normal arm64 Compiling\ AddTransactionView.swift,\ BankAccount.swift,\ BankPatternRegistry.swift,\ BankSMSParser.swift,\ Budget.swift,\ BudgetProgressCard.swift,\ CurrencyFormatter.swift,\ DashboardView.swift,\ DashboardViewModel.swift,\ Enums.swift,\ ExpenseCategory.swift,\ ExpenseTrackerApp.swift,\ ExpenseTransaction.swift,\ ExportImportService.swift,\ ManageCategoriesView.swift,\ ParseSMSIntent.swift,\ QuickSMSInputView.swift,\ SMSAutomationGuideView.swift,\ SMSPermissionGuideView.swift,\ SettingsView.swift,\ SharedExpenseDatabase.swift,\ SpendingChartView.swift,\ StatCard.swift,\ Theme+Colors.swift,\ TransactionDetailView.swift,\ TransactionListView.swift,\ TransactionListViewModel.swift,\ TransactionRowView.swift /Users/runner/work/expense-tracker/expense-tracker/Views/Transactions/AddTransactionView.swift /Users/runner/work/expense-tracker/expense-tracker/Models/BankAccount.swift /Users/runner/work/expense-tracker/expense-tracker/Services/BankPatternRegistry.swift /Users/runner/work/expense-tracker/expense-tracker/Services/BankSMSParser.swift /Users/runner/work/expense-tracker/expense-tracker/Models/Budget.swift /Users/runner/work/expense-tracker/expense-tracker/Views/Dashboard/BudgetProgressCard.swift /Users/runner/work/expense-tracker/expense-tracker/Services/CurrencyFormatter.swift /Users/runner/work/expense-tracker/expense-tracker/Views/Dashboard/DashboardView.swift /Users/runner/work/expense-tracker/expense-tracker/ViewModels/DashboardViewModel.swift /Users/runner/work/expense-tracker/expense-tracker/Models/Enums.swift /Users/runner/work/expense-tracker/expense-tracker/Models/ExpenseCategory.swift /Users/runner/work/expense-tracker/expense-tracker/ExpenseTrackerApp.swift /Users/runner/work/expense-tracker/expense-tracker/Models/ExpenseTransaction.swift /Users/runner/work/expense-tracker/expense-tracker/Services/ExportImportService.swift /Users/runner/work/expense-tracker/expense-tracker/Views/Settings/ManageCategoriesView.swift /Users/runner/work/expense-tracker/expense-tracker/Intents/ParseSMSIntent.swift /Users/runner/work/expense-tracker/expense-tracker/Views/SMSParser/QuickSMSInputView.swift /Users/runner/work/expense-tracker/expense-tracker/Views/SMSParser/SMSAutomationGuideView.swift /Users/runner/work/expense-tracker/expense-tracker/Views/SMSParser/SMSPermissionGuideView.swift /Users/runner/work/expense-tracker/expense-tracker/Views/Settings/SettingsView.swift /Users/runner/work/expense-tracker/expense-tracker/Services/SharedExpenseDatabase.swift /Users/runner/work/expense-tracker/expense-tracker/Views/Dashboard/SpendingChartView.swift /Users/runner/work/expense-tracker/expense-tracker/Views/Components/StatCard.swift /Users/runner/work/expense-tracker/expense-tracker/Services/Theme+Colors.swift /Users/runner/work/expense-tracker/expense-tracker/Views/Transactions/TransactionDetailView.swift /Users/runner/work/expense-tracker/expense-tracker/Views/Transactions/TransactionListView.swift /Users/runner/work/expense-tracker/expense-tracker/ViewModels/TransactionListViewModel.swift /Users/runner/work/expense-tracker/expense-tracker/Views/Components/TransactionRowView.swift (in target 'ExpenseTracker' from project 'ExpenseTracker')
    cd /Users/runner/work/expense-tracker/expense-tracker
    builtin-swiftTaskExecution -- /Applications/Xcode_16.2.app/Contents/Developer/Toolchains/XcodeDefault.xctoolchain/usr/bin/swift-frontend -frontend -c /Users/runner/work/expense-tracker/expense-tracker/Views/Transactions/AddTransactionView.swift /Users/runner/work/expense-tracker/expense-tracker/Models/BankAccount.swift /Users/runner/work/expense-tracker/expense-tracker/Services/BankPatternRegistry.swift /Users/runner/work/expense-tracker/expense-tracker/Services/BankSMSParser.swift /Users/runner/work/expense-tracker/expense-tracker/Models/Budget.swift /Users/runner/work/expense-tracker/expense-tracker/Views/Dashboard/BudgetProgressCard.swift /Users/runner/work/expense-tracker/expense-tracker/Services/CurrencyFormatter.swift /Users/runner/work/expense-tracker/expense-tracker/Views/Dashboard/DashboardView.swift /Users/runner/work/expense-tracker/expense-tracker/ViewModels/DashboardViewModel.swift /Users/runner/work/expense-tracker/expense-tracker/Models/Enums.swift /Users/runner/work/expense-tracker/expense-tracker/Models/ExpenseCategory.swift /Users/runner/work/expense-tracker/expense-tracker/ExpenseTrackerApp.swift /Users/runner/work/expense-tracker/expense-tracker/Models/ExpenseTransaction.swift /Users/runner/work/expense-tracker/expense-tracker/Services/ExportImportService.swift /Users/runner/work/expense-tracker/expense-tracker/Views/Settings/ManageCategoriesView.swift /Users/runner/work/expense-tracker/expense-tracker/Intents/ParseSMSIntent.swift /Users/runner/work/expense-tracker/expense-tracker/Views/SMSParser/QuickSMSInputView.swift /Users/runner/work/expense-tracker/expense-tracker/Views/SMSParser/SMSAutomationGuideView.swift /Users/runner/work/expense-tracker/expense-tracker/Views/SMSParser/SMSPermissionGuideView.swift /Users/runner/work/expense-tracker/expense-tracker/Views/Settings/SettingsView.swift /Users/runner/work/expense-tracker/expense-tracker/Services/SharedExpenseDatabase.swift /Users/runner/work/expense-tracker/expense-tracker/Views/Dashboard/SpendingChartView.swift /Users/runner/work/expense-tracker/expense-tracker/Views/Components/StatCard.swift /Users/runner/work/expense-tracker/expense-tracker/Services/Theme+Colors.swift /Users/runner/work/expense-tracker/expense-tracker/Views/Transactions/TransactionDetailView.swift /Users/runner/work/expense-tracker/expense-tracker/Views/Transactions/TransactionListView.swift /Users/runner/work/expense-tracker/expense-tracker/ViewModels/TransactionListViewModel.swift /Users/runner/work/expense-tracker/expense-tracker/Views/Components/TransactionRowView.swift -supplementary-output-file-map /Users/runner/work/expense-tracker/expense-tracker/DerivedData/Build/Intermediates.noindex/ExpenseTracker.build/Release-iphoneos/ExpenseTracker.build/Objects-normal/arm64/supplementaryOutputs-2 -target arm64-apple-ios17.0 -Xllvm -aarch64-use-tbi -enable-objc-interop -stack-check -sdk /Applications/Xcode_16.2.app/Contents/Developer/Platforms/iPhoneOS.platform/Developer/SDKs/iPhoneOS18.2.sdk -I /Users/runner/work/expense-tracker/expense-tracker/DerivedData/Build/Products/Release-iphoneos -F /Users/runner/work/expense-tracker/expense-tracker/DerivedData/Build/Products/Release-iphoneos -no-color-diagnostics -g -debug-info-format\=dwarf -dwarf-version\=4 -module-cache-path /Users/runner/work/expense-tracker/expense-tracker/DerivedData/ModuleCache.noindex -swift-version 5 -enforce-exclusivity\=checked -O -serialize-debugging-options -const-gather-protocols-file /Users/runner/work/expense-tracker/expense-tracker/DerivedData/Build/Intermediates.noindex/ExpenseTracker.build/Release-iphoneos/ExpenseTracker.build/Objects-normal/arm64/ExpenseTracker_const_extract_protocols.json -enable-experimental-feature DebugDescriptionMacro -enable-bare-slash-regex -empty-abi-descriptor -validate-clang-modules-once -clang-build-session-file /Users/runner/work/expense-tracker/expense-tracker/DerivedData/ModuleCache.noindex/Session.modulevalidation -Xcc -working-directory -Xcc /Users/runner/work/expense-tracker/expense-tracker -resource-dir /Applications/Xcode_16.2.app/Contents/Developer/Toolchains/XcodeDefault.xctoolchain/usr/lib/swift -file-compilation-dir /Users/runner/work/expense-tracker/expense-tracker -Xcc -ivfsstatcache -Xcc /Users/runner/work/expense-tracker/expense-tracker/DerivedData/SDKStatCaches.noindex/iphoneos18.2-22C146-6f6929c68f51360d5ca70a73a7e0c2f9.sdkstatcache -Xcc -I/Users/runner/work/expense-tracker/expense-tracker/DerivedData/Build/Intermediates.noindex/ExpenseTracker.build/Release-iphoneos/ExpenseTracker.build/swift-overrides.hmap -Xcc -iquote -Xcc /Users/runner/work/expense-tracker/expense-tracker/DerivedData/Build/Intermediates.noindex/ExpenseTracker.build/Release-iphoneos/ExpenseTracker.build/ExpenseTracker-generated-files.hmap -Xcc -I/Users/runner/work/expense-tracker/expense-tracker/DerivedData/Build/Intermediates.noindex/ExpenseTracker.build/Release-iphoneos/ExpenseTracker.build/ExpenseTracker-own-target-headers.hmap -Xcc -I/Users/runner/work/expense-tracker/expense-tracker/DerivedData/Build/Intermediates.noindex/ExpenseTracker.build/Release-iphoneos/ExpenseTracker.build/ExpenseTracker-all-target-headers.hmap -Xcc -iquote -Xcc /Users/runner/work/expense-tracker/expense-tracker/DerivedData/Build/Intermediates.noindex/ExpenseTracker.build/Release-iphoneos/ExpenseTracker.build/ExpenseTracker-project-headers.hmap -Xcc -I/Users/runner/work/expense-tracker/expense-tracker/DerivedData/Build/Products/Release-iphoneos/include -Xcc -I/Users/runner/work/expense-tracker/expense-tracker/DerivedData/Build/Intermediates.noindex/ExpenseTracker.build/Release-iphoneos/ExpenseTracker.build/DerivedSources-normal/arm64 -Xcc -I/Users/runner/work/expense-tracker/expense-tracker/DerivedData/Build/Intermediates.noindex/ExpenseTracker.build/Release-iphoneos/ExpenseTracker.build/DerivedSources/arm64 -Xcc -I/Users/runner/work/expense-tracker/expense-tracker/DerivedData/Build/Intermediates.noindex/ExpenseTracker.build/Release-iphoneos/ExpenseTracker.build/DerivedSources -module-name ExpenseTracker -frontend-parseable-output -disable-clang-spi -target-sdk-version 18.2 -target-sdk-name iphoneos18.2 -external-plugin-path /Applications/Xcode_16.2.app/Contents/Developer/Platforms/iPhoneOS.platform/Developer/usr/lib/swift/host/plugins\#/Applications/Xcode_16.2.app/Contents/Developer/Platforms/iPhoneOS.platform/Developer/usr/bin/swift-plugin-server -external-plugin-path /Applications/Xcode_16.2.app/Contents/Developer/Platforms/iPhoneOS.platform/Developer/usr/local/lib/swift/host/plugins\#/Applications/Xcode_16.2.app/Contents/Developer/Platforms/iPhoneOS.platform/Developer/usr/bin/swift-plugin-server -plugin-path /Applications/Xcode_16.2.app/Contents/Developer/Toolchains/XcodeDefault.xctoolchain/usr/lib/swift/host/plugins -plugin-path /Applications/Xcode_16.2.app/Contents/Developer/Toolchains/XcodeDefault.xctoolchain/usr/local/lib/swift/host/plugins -enable-default-cmo -num-threads 3 -o /Users/runner/work/expense-tracker/expense-tracker/DerivedData/Build/Intermediates.noindex/ExpenseTracker.build/Release-iphoneos/ExpenseTracker.build/Objects-normal/arm64/AddTransactionView.o -o /Users/runner/work/expense-tracker/expense-tracker/DerivedData/Build/Intermediates.noindex/ExpenseTracker.build/Release-iphoneos/ExpenseTracker.build/Objects-normal/arm64/BankAccount.o -o /Users/runner/work/expense-tracker/expense-tracker/DerivedData/Build/Intermediates.noindex/ExpenseTracker.build/Release-iphoneos/ExpenseTracker.build/Objects-normal/arm64/BankPatternRegistry.o -o /Users/runner/work/expense-tracker/expense-tracker/DerivedData/Build/Intermediates.noindex/ExpenseTracker.build/Release-iphoneos/ExpenseTracker.build/Objects-normal/arm64/BankSMSParser.o -o /Users/runner/work/expense-tracker/expense-tracker/DerivedData/Build/Intermediates.noindex/ExpenseTracker.build/Release-iphoneos/ExpenseTracker.build/Objects-normal/arm64/Budget.o -o /Users/runner/work/expense-tracker/expense-tracker/DerivedData/Build/Intermediates.noindex/ExpenseTracker.build/Release-iphoneos/ExpenseTracker.build/Objects-normal/arm64/BudgetProgressCard.o -o /Users/runner/work/expense-tracker/expense-tracker/DerivedData/Build/Intermediates.noindex/ExpenseTracker.build/Release-iphoneos/ExpenseTracker.build/Objects-normal/arm64/CurrencyFormatter.o -o /Users/runner/work/expense-tracker/expense-tracker/DerivedData/Build/Intermediates.noindex/ExpenseTracker.build/Release-iphoneos/ExpenseTracker.build/Objects-normal/arm64/DashboardView.o -o /Users/runner/work/expense-tracker/expense-tracker/DerivedData/Build/Intermediates.noindex/ExpenseTracker.build/Release-iphoneos/ExpenseTracker.build/Objects-normal/arm64/DashboardViewModel.o -o /Users/runner/work/expense-tracker/expense-tracker/DerivedData/Build/Intermediates.noindex/ExpenseTracker.build/Release-iphoneos/ExpenseTracker.build/Objects-normal/arm64/Enums.o -o /Users/runner/work/expense-tracker/expense-tracker/DerivedData/Build/Intermediates.noindex/ExpenseTracker.build/Release-iphoneos/ExpenseTracker.build/Objects-normal/arm64/ExpenseCategory.o -o /Users/runner/work/expense-tracker/expense-tracker/DerivedData/Build/Intermediates.noindex/ExpenseTracker.build/Release-iphoneos/ExpenseTracker.build/Objects-normal/arm64/ExpenseTrackerApp.o -o /Users/runner/work/expense-tracker/expense-tracker/DerivedData/Build/Intermediates.noindex/ExpenseTracker.build/Release-iphoneos/ExpenseTracker.build/Objects-normal/arm64/ExpenseTransaction.o -o /Users/runner/work/expense-tracker/expense-tracker/DerivedData/Build/Intermediates.noindex/ExpenseTracker.build/Release-iphoneos/ExpenseTracker.build/Objects-normal/arm64/ExportImportService.o -o /Users/runner/work/expense-tracker/expense-tracker/DerivedData/Build/Intermediates.noindex/ExpenseTracker.build/Release-iphoneos/ExpenseTracker.build/Objects-normal/arm64/ManageCategoriesView.o -o /Users/runner/work/expense-tracker/expense-tracker/DerivedData/Build/Intermediates.noindex/ExpenseTracker.build/Release-iphoneos/ExpenseTracker.build/Objects-normal/arm64/ParseSMSIntent.o -o /Users/runner/work/expense-tracker/expense-tracker/DerivedData/Build/Intermediates.noindex/ExpenseTracker.build/Release-iphoneos/ExpenseTracker.build/Objects-normal/arm64/QuickSMSInputView.o -o /Users/runner/work/expense-tracker/expense-tracker/DerivedData/Build/Intermediates.noindex/ExpenseTracker.build/Release-iphoneos/ExpenseTracker.build/Objects-normal/arm64/SMSAutomationGuideView.o -o /Users/runner/work/expense-tracker/expense-tracker/DerivedData/Build/Intermediates.noindex/ExpenseTracker.build/Release-iphoneos/ExpenseTracker.build/Objects-normal/arm64/SMSPermissionGuideView.o -o /Users/runner/work/expense-tracker/expense-tracker/DerivedData/Build/Intermediates.noindex/ExpenseTracker.build/Release-iphoneos/ExpenseTracker.build/Objects-normal/arm64/SettingsView.o -o /Users/runner/work/expense-tracker/expense-tracker/DerivedData/Build/Intermediates.noindex/ExpenseTracker.build/Release-iphoneos/ExpenseTracker.build/Objects-normal/arm64/SharedExpenseDatabase.o -o /Users/runner/work/expense-tracker/expense-tracker/DerivedData/Build/Intermediates.noindex/ExpenseTracker.build/Release-iphoneos/ExpenseTracker.build/Objects-normal/arm64/SpendingChartView.o -o /Users/runner/work/expense-tracker/expense-tracker/DerivedData/Build/Intermediates.noindex/ExpenseTracker.build/Release-iphoneos/ExpenseTracker.build/Objects-normal/arm64/StatCard.o -o /Users/runner/work/expense-tracker/expense-tracker/DerivedData/Build/Intermediates.noindex/ExpenseTracker.build/Release-iphoneos/ExpenseTracker.build/Objects-normal/arm64/Theme+Colors.o -o /Users/runner/work/expense-tracker/expense-tracker/DerivedData/Build/Intermediates.noindex/ExpenseTracker.build/Release-iphoneos/ExpenseTracker.build/Objects-normal/arm64/TransactionDetailView.o -o /Users/runner/work/expense-tracker/expense-tracker/DerivedData/Build/Intermediates.noindex/ExpenseTracker.build/Release-iphoneos/ExpenseTracker.build/Objects-normal/arm64/TransactionListView.o -o /Users/runner/work/expense-tracker/expense-tracker/DerivedData/Build/Intermediates.noindex/ExpenseTracker.build/Release-iphoneos/ExpenseTracker.build/Objects-normal/arm64/TransactionListViewModel.o -o /Users/runner/work/expense-tracker/expense-tracker/DerivedData/Build/Intermediates.noindex/ExpenseTracker.build/Release-iphoneos/ExpenseTracker.build/Objects-normal/arm64/TransactionRowView.o -index-unit-output-path /ExpenseTracker.build/Release-iphoneos/ExpenseTracker.build/Objects-normal/arm64/AddTransactionView.o -index-unit-output-path /ExpenseTracker.build/Release-iphoneos/ExpenseTracker.build/Objects-normal/arm64/BankAccount.o -index-unit-output-path /ExpenseTracker.build/Release-iphoneos/ExpenseTracker.build/Objects-normal/arm64/BankPatternRegistry.o -index-unit-output-path /ExpenseTracker.build/Release-iphoneos/ExpenseTracker.build/Objects-normal/arm64/BankSMSParser.o -index-unit-output-path /ExpenseTracker.build/Release-iphoneos/ExpenseTracker.build/Objects-normal/arm64/Budget.o -index-unit-output-path /ExpenseTracker.build/Release-iphoneos/ExpenseTracker.build/Objects-normal/arm64/BudgetProgressCard.o -index-unit-output-path /ExpenseTracker.build/Release-iphoneos/ExpenseTracker.build/Objects-normal/arm64/CurrencyFormatter.o -index-unit-output-path /ExpenseTracker.build/Release-iphoneos/ExpenseTracker.build/Objects-normal/arm64/DashboardView.o -index-unit-output-path /ExpenseTracker.build/Release-iphoneos/ExpenseTracker.build/Objects-normal/arm64/DashboardViewModel.o -index-unit-output-path /ExpenseTracker.build/Release-iphoneos/ExpenseTracker.build/Objects-normal/arm64/Enums.o -index-unit-output-path /ExpenseTracker.build/Release-iphoneos/ExpenseTracker.build/Objects-normal/arm64/ExpenseCategory.o -index-unit-output-path /ExpenseTracker.build/Release-iphoneos/ExpenseTracker.build/Objects-normal/arm64/ExpenseTrackerApp.o -index-unit-output-path /ExpenseTracker.build/Release-iphoneos/ExpenseTracker.build/Objects-normal/arm64/ExpenseTransaction.o -index-unit-output-path /ExpenseTracker.build/Release-iphoneos/ExpenseTracker.build/Objects-normal/arm64/ExportImportService.o -index-unit-output-path /ExpenseTracker.build/Release-iphoneos/ExpenseTracker.build/Objects-normal/arm64/ManageCategoriesView.o -index-unit-output-path /ExpenseTracker.build/Release-iphoneos/ExpenseTracker.build/Objects-normal/arm64/ParseSMSIntent.o -index-unit-output-path /ExpenseTracker.build/Release-iphoneos/ExpenseTracker.build/Objects-normal/arm64/QuickSMSInputView.o -index-unit-output-path /ExpenseTracker.build/Release-iphoneos/ExpenseTracker.build/Objects-normal/arm64/SMSAutomationGuideView.o -index-unit-output-path /ExpenseTracker.build/Release-iphoneos/ExpenseTracker.build/Objects-normal/arm64/SMSPermissionGuideView.o -index-unit-output-path /ExpenseTracker.build/Release-iphoneos/ExpenseTracker.build/Objects-normal/arm64/SettingsView.o -index-unit-output-path /ExpenseTracker.build/Release-iphoneos/ExpenseTracker.build/Objects-normal/arm64/SharedExpenseDatabase.o -index-unit-output-path /ExpenseTracker.build/Release-iphoneos/ExpenseTracker.build/Objects-normal/arm64/SpendingChartView.o -index-unit-output-path /ExpenseTracker.build/Release-iphoneos/ExpenseTracker.build/Objects-normal/arm64/StatCard.o -index-unit-output-path /ExpenseTracker.build/Release-iphoneos/ExpenseTracker.build/Objects-normal/arm64/Theme+Colors.o -index-unit-output-path /ExpenseTracker.build/Release-iphoneos/ExpenseTracker.build/Objects-normal/arm64/TransactionDetailView.o -index-unit-output-path /ExpenseTracker.build/Release-iphoneos/ExpenseTracker.build/Objects-normal/arm64/TransactionListView.o -index-unit-output-path /ExpenseTracker.build/Release-iphoneos/ExpenseTracker.build/Objects-normal/arm64/TransactionListViewModel.o -index-unit-output-path /ExpenseTracker.build/Release-iphoneos/ExpenseTracker.build/Objects-normal/arm64/TransactionRowView.o
CompileSwift normal arm64 (in target 'ExpenseTracker' from project 'ExpenseTracker')
    cd /Users/runner/work/expense-tracker/expense-tracker
    /Applications/Xcode_16.2.app/Contents/Developer/Toolchains/XcodeDefault.xctoolchain/usr/bin/swift-frontend -c /Users/runner/work/expense-tracker/expense-tracker/Views/Transactions/AddTransactionView.swift /Users/runner/work/expense-tracker/expense-tracker/Models/BankAccount.swift /Users/runner/work/expense-tracker/expense-tracker/Services/BankPatternRegistry.swift /Users/runner/work/expense-tracker/expense-tracker/Services/BankSMSParser.swift /Users/runner/work/expense-tracker/expense-tracker/Models/Budget.swift /Users/runner/work/expense-tracker/expense-tracker/Views/Dashboard/BudgetProgressCard.swift /Users/runner/work/expense-tracker/expense-tracker/Services/CurrencyFormatter.swift /Users/runner/work/expense-tracker/expense-tracker/Views/Dashboard/DashboardView.swift /Users/runner/work/expense-tracker/expense-tracker/ViewModels/DashboardViewModel.swift /Users/runner/work/expense-tracker/expense-tracker/Models/Enums.swift /Users/runner/work/expense-tracker/expense-tracker/Models/ExpenseCategory.swift /Users/runner/work/expense-tracker/expense-tracker/ExpenseTrackerApp.swift /Users/runner/work/expense-tracker/expense-tracker/Models/ExpenseTransaction.swift /Users/runner/work/expense-tracker/expense-tracker/Services/ExportImportService.swift /Users/runner/work/expense-tracker/expense-tracker/Views/Settings/ManageCategoriesView.swift /Users/runner/work/expense-tracker/expense-tracker/Intents/ParseSMSIntent.swift /Users/runner/work/expense-tracker/expense-tracker/Views/SMSParser/QuickSMSInputView.swift /Users/runner/work/expense-tracker/expense-tracker/Views/SMSParser/SMSAutomationGuideView.swift /Users/runner/work/expense-tracker/expense-tracker/Views/SMSParser/SMSPermissionGuideView.swift /Users/runner/work/expense-tracker/expense-tracker/Views/Settings/SettingsView.swift /Users/runner/work/expense-tracker/expense-tracker/Services/SharedExpenseDatabase.swift /Users/runner/work/expense-tracker/expense-tracker/Views/Dashboard/SpendingChartView.swift /Users/runner/work/expense-tracker/expense-tracker/Views/Components/StatCard.swift /Users/runner/work/expense-tracker/expense-tracker/Services/Theme+Colors.swift /Users/runner/work/expense-tracker/expense-tracker/Views/Transactions/TransactionDetailView.swift /Users/runner/work/expense-tracker/expense-tracker/Views/Transactions/TransactionListView.swift /Users/runner/work/expense-tracker/expense-tracker/ViewModels/TransactionListViewModel.swift /Users/runner/work/expense-tracker/expense-tracker/Views/Components/TransactionRowView.swift -supplementary-output-file-map /Users/runner/work/expense-tracker/expense-tracker/DerivedData/Build/Intermediates.noindex/ExpenseTracker.build/Release-iphoneos/ExpenseTracker.build/Objects-normal/arm64/supplementaryOutputs-2 -target arm64-apple-ios17.0 -Xllvm -aarch64-use-tbi -enable-objc-interop -stack-check -sdk /Applications/Xcode_16.2.app/Contents/Developer/Platforms/iPhoneOS.platform/Developer/SDKs/iPhoneOS18.2.sdk -I /Users/runner/work/expense-tracker/expense-tracker/DerivedData/Build/Products/Release-iphoneos -F /Users/runner/work/expense-tracker/expense-tracker/DerivedData/Build/Products/Release-iphoneos -no-color-diagnostics -g -debug-info-format\=dwarf -dwarf-version\=4 -module-cache-path /Users/runner/work/expense-tracker/expense-tracker/DerivedData/ModuleCache.noindex -swift-version 5 -enforce-exclusivity\=checked -O -serialize-debugging-options -const-gather-protocols-file /Users/runner/work/expense-tracker/expense-tracker/DerivedData/Build/Intermediates.noindex/ExpenseTracker.build/Release-iphoneos/ExpenseTracker.build/Objects-normal/arm64/ExpenseTracker_const_extract_protocols.json -enable-experimental-feature DebugDescriptionMacro -enable-bare-slash-regex -empty-abi-descriptor -validate-clang-modules-once -clang-build-session-file /Users/runner/work/expense-tracker/expense-tracker/DerivedData/ModuleCache.noindex/Session.modulevalidation -Xcc -working-directory -Xcc /Users/runner/work/expense-tracker/expense-tracker -resource-dir /Applications/Xcode_16.2.app/Contents/Developer/Toolchains/XcodeDefault.xctoolchain/usr/lib/swift -file-compilation-dir /Users/runner/work/expense-tracker/expense-tracker -Xcc -ivfsstatcache -Xcc /Users/runner/work/expense-tracker/expense-tracker/DerivedData/SDKStatCaches.noindex/iphoneos18.2-22C146-6f6929c68f51360d5ca70a73a7e0c2f9.sdkstatcache -Xcc -I/Users/runner/work/expense-tracker/expense-tracker/DerivedData/Build/Intermediates.noindex/ExpenseTracker.build/Release-iphoneos/ExpenseTracker.build/swift-overrides.hmap -Xcc -iquote -Xcc /Users/runner/work/expense-tracker/expense-tracker/DerivedData/Build/Intermediates.noindex/ExpenseTracker.build/Release-iphoneos/ExpenseTracker.build/ExpenseTracker-generated-files.hmap -Xcc -I/Users/runner/work/expense-tracker/expense-tracker/DerivedData/Build/Intermediates.noindex/ExpenseTracker.build/Release-iphoneos/ExpenseTracker.build/ExpenseTracker-own-target-headers.hmap -Xcc -I/Users/runner/work/expense-tracker/expense-tracker/DerivedData/Build/Intermediates.noindex/ExpenseTracker.build/Release-iphoneos/ExpenseTracker.build/ExpenseTracker-all-target-headers.hmap -Xcc -iquote -Xcc /Users/runner/work/expense-tracker/expense-tracker/DerivedData/Build/Intermediates.noindex/ExpenseTracker.build/Release-iphoneos/ExpenseTracker.build/ExpenseTracker-project-headers.hmap -Xcc -I/Users/runner/work/expense-tracker/expense-tracker/DerivedData/Build/Products/Release-iphoneos/include -Xcc -I/Users/runner/work/expense-tracker/expense-tracker/DerivedData/Build/Intermediates.noindex/ExpenseTracker.build/Release-iphoneos/ExpenseTracker.build/DerivedSources-normal/arm64 -Xcc -I/Users/runner/work/expense-tracker/expense-tracker/DerivedData/Build/Intermediates.noindex/ExpenseTracker.build/Release-iphoneos/ExpenseTracker.build/DerivedSources/arm64 -Xcc -I/Users/runner/work/expense-tracker/expense-tracker/DerivedData/Build/Intermediates.noindex/ExpenseTracker.build/Release-iphoneos/ExpenseTracker.build/DerivedSources -module-name ExpenseTracker -frontend-parseable-output -disable-clang-spi -target-sdk-version 18.2 -target-sdk-name iphoneos18.2 -external-plugin-path /Applications/Xcode_16.2.app/Contents/Developer/Platforms/iPhoneOS.platform/Developer/usr/lib/swift/host/plugins\#/Applications/Xcode_16.2.app/Contents/Developer/Platforms/iPhoneOS.platform/Developer/usr/bin/swift-plugin-server -external-plugin-path /Applications/Xcode_16.2.app/Contents/Developer/Platforms/iPhoneOS.platform/Developer/usr/local/lib/swift/host/plugins\#/Applications/Xcode_16.2.app/Contents/Developer/Platforms/iPhoneOS.platform/Developer/usr/bin/swift-plugin-server -plugin-path /Applications/Xcode_16.2.app/Contents/Developer/Toolchains/XcodeDefault.xctoolchain/usr/lib/swift/host/plugins -plugin-path /Applications/Xcode_16.2.app/Contents/Developer/Toolchains/XcodeDefault.xctoolchain/usr/local/lib/swift/host/plugins -enable-default-cmo -num-threads 3 -o /Users/runner/work/expense-tracker/expense-tracker/DerivedData/Build/Intermediates.noindex/ExpenseTracker.build/Release-iphoneos/ExpenseTracker.build/Objects-normal/arm64/AddTransactionView.o -o /Users/runner/work/expense-tracker/expense-tracker/DerivedData/Build/Intermediates.noindex/ExpenseTracker.build/Release-iphoneos/ExpenseTracker.build/Objects-normal/arm64/BankAccount.o -o /Users/runner/work/expense-tracker/expense-tracker/DerivedData/Build/Intermediates.noindex/ExpenseTracker.build/Release-iphoneos/ExpenseTracker.build/Objects-normal/arm64/BankPatternRegistry.o -o /Users/runner/work/expense-tracker/expense-tracker/DerivedData/Build/Intermediates.noindex/ExpenseTracker.build/Release-iphoneos/ExpenseTracker.build/Objects-normal/arm64/BankSMSParser.o -o /Users/runner/work/expense-tracker/expense-tracker/DerivedData/Build/Intermediates.noindex/ExpenseTracker.build/Release-iphoneos/ExpenseTracker.build/Objects-normal/arm64/Budget.o -o /Users/runner/work/expense-tracker/expense-tracker/DerivedData/Build/Intermediates.noindex/ExpenseTracker.build/Release-iphoneos/ExpenseTracker.build/Objects-normal/arm64/BudgetProgressCard.o -o /Users/runner/work/expense-tracker/expense-tracker/DerivedData/Build/Intermediates.noindex/ExpenseTracker.build/Release-iphoneos/ExpenseTracker.build/Objects-normal/arm64/CurrencyFormatter.o -o /Users/runner/work/expense-tracker/expense-tracker/DerivedData/Build/Intermediates.noindex/ExpenseTracker.build/Release-iphoneos/ExpenseTracker.build/Objects-normal/arm64/DashboardView.o -o /Users/runner/work/expense-tracker/expense-tracker/DerivedData/Build/Intermediates.noindex/ExpenseTracker.build/Release-iphoneos/ExpenseTracker.build/Objects-normal/arm64/DashboardViewModel.o -o /Users/runner/work/expense-tracker/expense-tracker/DerivedData/Build/Intermediates.noindex/ExpenseTracker.build/Release-iphoneos/ExpenseTracker.build/Objects-normal/arm64/Enums.o -o /Users/runner/work/expense-tracker/expense-tracker/DerivedData/Build/Intermediates.noindex/ExpenseTracker.build/Release-iphoneos/ExpenseTracker.build/Objects-normal/arm64/ExpenseCategory.o -o /Users/runner/work/expense-tracker/expense-tracker/DerivedData/Build/Intermediates.noindex/ExpenseTracker.build/Release-iphoneos/ExpenseTracker.build/Objects-normal/arm64/ExpenseTrackerApp.o -o /Users/runner/work/expense-tracker/expense-tracker/DerivedData/Build/Intermediates.noindex/ExpenseTracker.build/Release-iphoneos/ExpenseTracker.build/Objects-normal/arm64/ExpenseTransaction.o -o /Users/runner/work/expense-tracker/expense-tracker/DerivedData/Build/Intermediates.noindex/ExpenseTracker.build/Release-iphoneos/ExpenseTracker.build/Objects-normal/arm64/ExportImportService.o -o /Users/runner/work/expense-tracker/expense-tracker/DerivedData/Build/Intermediates.noindex/ExpenseTracker.build/Release-iphoneos/ExpenseTracker.build/Objects-normal/arm64/ManageCategoriesView.o -o /Users/runner/work/expense-tracker/expense-tracker/DerivedData/Build/Intermediates.noindex/ExpenseTracker.build/Release-iphoneos/ExpenseTracker.build/Objects-normal/arm64/ParseSMSIntent.o -o /Users/runner/work/expense-tracker/expense-tracker/DerivedData/Build/Intermediates.noindex/ExpenseTracker.build/Release-iphoneos/ExpenseTracker.build/Objects-normal/arm64/QuickSMSInputView.o -o /Users/runner/work/expense-tracker/expense-tracker/DerivedData/Build/Intermediates.noindex/ExpenseTracker.build/Release-iphoneos/ExpenseTracker.build/Objects-normal/arm64/SMSAutomationGuideView.o -o /Users/runner/work/expense-tracker/expense-tracker/DerivedData/Build/Intermediates.noindex/ExpenseTracker.build/Release-iphoneos/ExpenseTracker.build/Objects-normal/arm64/SMSPermissionGuideView.o -o /Users/runner/work/expense-tracker/expense-tracker/DerivedData/Build/Intermediates.noindex/ExpenseTracker.build/Release-iphoneos/ExpenseTracker.build/Objects-normal/arm64/SettingsView.o -o /Users/runner/work/expense-tracker/expense-tracker/DerivedData/Build/Intermediates.noindex/ExpenseTracker.build/Release-iphoneos/ExpenseTracker.build/Objects-normal/arm64/SharedExpenseDatabase.o -o /Users/runner/work/expense-tracker/expense-tracker/DerivedData/Build/Intermediates.noindex/ExpenseTracker.build/Release-iphoneos/ExpenseTracker.build/Objects-normal/arm64/SpendingChartView.o -o /Users/runner/work/expense-tracker/expense-tracker/DerivedData/Build/Intermediates.noindex/ExpenseTracker.build/Release-iphoneos/ExpenseTracker.build/Objects-normal/arm64/StatCard.o -o /Users/runner/work/expense-tracker/expense-tracker/DerivedData/Build/Intermediates.noindex/ExpenseTracker.build/Release-iphoneos/ExpenseTracker.build/Objects-normal/arm64/Theme+Colors.o -o /Users/runner/work/expense-tracker/expense-tracker/DerivedData/Build/Intermediates.noindex/ExpenseTracker.build/Release-iphoneos/ExpenseTracker.build/Objects-normal/arm64/TransactionDetailView.o -o /Users/runner/work/expense-tracker/expense-tracker/DerivedData/Build/Intermediates.noindex/ExpenseTracker.build/Release-iphoneos/ExpenseTracker.build/Objects-normal/arm64/TransactionListView.o -o /Users/runner/work/expense-tracker/expense-tracker/DerivedData/Build/Intermediates.noindex/ExpenseTracker.build/Release-iphoneos/ExpenseTracker.build/Objects-normal/arm64/TransactionListViewModel.o -o /Users/runner/work/expense-tracker/expense-tracker/DerivedData/Build/Intermediates.noindex/ExpenseTracker.build/Release-iphoneos/ExpenseTracker.build/Objects-normal/arm64/TransactionRowView.o -index-unit-output-path /ExpenseTracker.build/Release-iphoneos/ExpenseTracker.build/Objects-normal/arm64/AddTransactionView.o -index-unit-output-path /ExpenseTracker.build/Release-iphoneos/ExpenseTracker.build/Objects-normal/arm64/BankAccount.o -index-unit-output-path /ExpenseTracker.build/Release-iphoneos/ExpenseTracker.build/Objects-normal/arm64/BankPatternRegistry.o -index-unit-output-path /ExpenseTracker.build/Release-iphoneos/ExpenseTracker.build/Objects-normal/arm64/BankSMSParser.o -index-unit-output-path /ExpenseTracker.build/Release-iphoneos/ExpenseTracker.build/Objects-normal/arm64/Budget.o -index-unit-output-path /ExpenseTracker.build/Release-iphoneos/ExpenseTracker.build/Objects-normal/arm64/BudgetProgressCard.o -index-unit-output-path /ExpenseTracker.build/Release-iphoneos/ExpenseTracker.build/Objects-normal/arm64/CurrencyFormatter.o -index-unit-output-path /ExpenseTracker.build/Release-iphoneos/ExpenseTracker.build/Objects-normal/arm64/DashboardView.o -index-unit-output-path /ExpenseTracker.build/Release-iphoneos/ExpenseTracker.build/Objects-normal/arm64/DashboardViewModel.o -index-unit-output-path /ExpenseTracker.build/Release-iphoneos/ExpenseTracker.build/Objects-normal/arm64/Enums.o -index-unit-output-path /ExpenseTracker.build/Release-iphoneos/ExpenseTracker.build/Objects-normal/arm64/ExpenseCategory.o -index-unit-output-path /ExpenseTracker.build/Release-iphoneos/ExpenseTracker.build/Objects-normal/arm64/ExpenseTrackerApp.o -index-unit-output-path /ExpenseTracker.build/Release-iphoneos/ExpenseTracker.build/Objects-normal/arm64/ExpenseTransaction.o -index-unit-output-path /ExpenseTracker.build/Release-iphoneos/ExpenseTracker.build/Objects-normal/arm64/ExportImportService.o -index-unit-output-path /ExpenseTracker.build/Release-iphoneos/ExpenseTracker.build/Objects-normal/arm64/ManageCategoriesView.o -index-unit-output-path /ExpenseTracker.build/Release-iphoneos/ExpenseTracker.build/Objects-normal/arm64/ParseSMSIntent.o -index-unit-output-path /ExpenseTracker.build/Release-iphoneos/ExpenseTracker.build/Objects-normal/arm64/QuickSMSInputView.o -index-unit-output-path /ExpenseTracker.build/Release-iphoneos/ExpenseTracker.build/Objects-normal/arm64/SMSAutomationGuideView.o -index-unit-output-path /ExpenseTracker.build/Release-iphoneos/ExpenseTracker.build/Objects-normal/arm64/SMSPermissionGuideView.o -index-unit-output-path /ExpenseTracker.build/Release-iphoneos/ExpenseTracker.build/Objects-normal/arm64/SettingsView.o -index-unit-output-path /ExpenseTracker.build/Release-iphoneos/ExpenseTracker.build/Objects-normal/arm64/SharedExpenseDatabase.o -index-unit-output-path /ExpenseTracker.build/Release-iphoneos/ExpenseTracker.build/Objects-normal/arm64/SpendingChartView.o -index-unit-output-path /ExpenseTracker.build/Release-iphoneos/ExpenseTracker.build/Objects-normal/arm64/StatCard.o -index-unit-output-path /ExpenseTracker.build/Release-iphoneos/ExpenseTracker.build/Objects-normal/arm64/Theme+Colors.o -index-unit-output-path /ExpenseTracker.build/Release-iphoneos/ExpenseTracker.build/Objects-normal/arm64/TransactionDetailView.o -index-unit-output-path /ExpenseTracker.build/Release-iphoneos/ExpenseTracker.build/Objects-normal/arm64/TransactionListView.o -index-unit-output-path /ExpenseTracker.build/Release-iphoneos/ExpenseTracker.build/Objects-normal/arm64/TransactionListViewModel.o -index-unit-output-path /ExpenseTracker.build/Release-iphoneos/ExpenseTracker.build/Objects-normal/arm64/TransactionRowView.o
/Users/runner/work/expense-tracker/expense-tracker/Views/Transactions/TransactionListView.swift:92:30: error: type 'HorizontalEdge' has no member 'destructive'
        .swipeActions(edge: .destructive, allowsFullSwipe: true) {
                            ~^~~~~~~~~~~

GenerateDSYMFile /Users/runner/work/expense-tracker/expense-tracker/DerivedData/Build/Products/Release-iphoneos/MessageFilterExtension.appex.dSYM /Users/runner/work/expense-tracker/expense-tracker/DerivedData/Build/Products/Release-iphoneos/MessageFilterExtension.appex/MessageFilterExtension (in target 'MessageFilterExtension' from project 'ExpenseTracker')
    cd /Users/runner/work/expense-tracker/expense-tracker
    /Applications/Xcode_16.2.app/Contents/Developer/Toolchains/XcodeDefault.xctoolchain/usr/bin/dsymutil /Users/runner/work/expense-tracker/expense-tracker/DerivedData/Build/Products/Release-iphoneos/MessageFilterExtension.appex/MessageFilterExtension -o /Users/runner/work/expense-tracker/expense-tracker/DerivedData/Build/Products/Release-iphoneos/MessageFilterExtension.appex.dSYM

ExtractAppIntentsMetadata (in target 'MessageFilterExtension' from project 'ExpenseTracker')
    cd /Users/runner/work/expense-tracker/expense-tracker
    /Applications/Xcode_16.2.app/Contents/Developer/Toolchains/XcodeDefault.xctoolchain/usr/bin/appintentsmetadataprocessor --output /Users/runner/work/expense-tracker/expense-tracker/DerivedData/Build/Products/Release-iphoneos/MessageFilterExtension.appex --toolchain-dir /Applications/Xcode_16.2.app/Contents/Developer/Toolchains/XcodeDefault.xctoolchain --module-name MessageFilterExtension --sdk-root /Applications/Xcode_16.2.app/Contents/Developer/Platforms/iPhoneOS.platform/Developer/SDKs/iPhoneOS18.2.sdk --xcode-version 16C5032a --platform-family iOS --deployment-target 17.0 --bundle-identifier com.local.ExpenseTracker.MessageFilterExtension --target-triple arm64-apple-ios17.0 --binary-file /Users/runner/work/expense-tracker/expense-tracker/DerivedData/Build/Products/Release-iphoneos/MessageFilterExtension.appex/MessageFilterExtension --dependency-file /Users/runner/work/expense-tracker/expense-tracker/DerivedData/Build/Intermediates.noindex/ExpenseTracker.build/Release-iphoneos/MessageFilterExtension.build/Objects-normal/arm64/MessageFilterExtension_dependency_info.dat --stringsdata-file /Users/runner/work/expense-tracker/expense-tracker/DerivedData/Build/Intermediates.noindex/ExpenseTracker.build/Release-iphoneos/MessageFilterExtension.build/Objects-normal/arm64/ExtractedAppShortcutsMetadata.stringsdata --source-file-list /Users/runner/work/expense-tracker/expense-tracker/DerivedData/Build/Intermediates.noindex/ExpenseTracker.build/Release-iphoneos/MessageFilterExtension.build/Objects-normal/arm64/MessageFilterExtension.SwiftFileList --metadata-file-list /Users/runner/work/expense-tracker/expense-tracker/DerivedData/Build/Intermediates.noindex/ExpenseTracker.build/Release-iphoneos/MessageFilterExtension.build/MessageFilterExtension.DependencyMetadataFileList --swift-const-vals-list /Users/runner/work/expense-tracker/expense-tracker/DerivedData/Build/Intermediates.noindex/ExpenseTracker.build/Release-iphoneos/MessageFilterExtension.build/Objects-normal/arm64/MessageFilterExtension.SwiftConstValuesFileList --compile-time-extraction --deployment-aware-processing --validate-assistant-intents
note: Metadata extraction skipped. No AppIntents.framework dependency found. (in target 'MessageFilterExtension' from project 'ExpenseTracker')

AppIntentsSSUTraining (in target 'MessageFilterExtension' from project 'ExpenseTracker')
    cd /Users/runner/work/expense-tracker/expense-tracker
    /Applications/Xcode_16.2.app/Contents/Developer/Toolchains/XcodeDefault.xctoolchain/usr/bin/appintentsnltrainingprocessor --infoplist-path /Users/runner/work/expense-tracker/expense-tracker/DerivedData/Build/Products/Release-iphoneos/MessageFilterExtension.appex/Info.plist --temp-dir-path /Users/runner/work/expense-tracker/expense-tracker/DerivedData/Build/Intermediates.noindex/ExpenseTracker.build/Release-iphoneos/MessageFilterExtension.build/ssu --bundle-id com.local.ExpenseTracker.MessageFilterExtension --product-path /Users/runner/work/expense-tracker/expense-tracker/DerivedData/Build/Products/Release-iphoneos/MessageFilterExtension.appex --extracted-metadata-path /Users/runner/work/expense-tracker/expense-tracker/DerivedData/Build/Products/Release-iphoneos/MessageFilterExtension.appex/Metadata.appintents --archive-ssu-assets
2026-09-05 17:39:42.582 appintentsnltrainingprocessor[3115:12816] Parsing options for appintentsnltrainingprocessor
2026-09-05 17:39:42.584 appintentsnltrainingprocessor[3115:12816] No AppShortcuts found - Skipping.

CodeSign /Users/runner/work/expense-tracker/expense-tracker/DerivedData/Build/Products/Release-iphoneos/MessageFilterExtension.appex (in target 'MessageFilterExtension' from project 'ExpenseTracker')
    cd /Users/runner/work/expense-tracker/expense-tracker
    
    Signing Identity:     "Sign to Run Locally"
    
    /usr/bin/codesign --force --sign - --timestamp\=none --generate-entitlement-der /Users/runner/work/expense-tracker/expense-tracker/DerivedData/Build/Products/Release-iphoneos/MessageFilterExtension.appex

RegisterExecutionPolicyException /Users/runner/work/expense-tracker/expense-tracker/DerivedData/Build/Products/Release-iphoneos/MessageFilterExtension.appex (in target 'MessageFilterExtension' from project 'ExpenseTracker')
    cd /Users/runner/work/expense-tracker/expense-tracker
    builtin-RegisterExecutionPolicyException /Users/runner/work/expense-tracker/expense-tracker/DerivedData/Build/Products/Release-iphoneos/MessageFilterExtension.appex

Touch /Users/runner/work/expense-tracker/expense-tracker/DerivedData/Build/Products/Release-iphoneos/MessageFilterExtension.appex (in target 'MessageFilterExtension' from project 'ExpenseTracker')
    cd /Users/runner/work/expense-tracker/expense-tracker
    /usr/bin/touch -c /Users/runner/work/expense-tracker/expense-tracker/DerivedData/Build/Products/Release-iphoneos/MessageFilterExtension.appex

note: Disabling previews because SWIFT_VERSION is set and SWIFT_OPTIMIZATION_LEVEL=-O, expected -Onone (in target 'MessageFilterExtension' from project 'ExpenseTracker')
note: Disabling previews because SWIFT_VERSION is set and SWIFT_OPTIMIZATION_LEVEL=-O, expected -Onone (in target 'ExpenseTracker' from project 'ExpenseTracker')
** BUILD FAILED **


The following build commands failed:
	CompileSwift normal arm64 (in target 'ExpenseTracker' from project 'ExpenseTracker')
	SwiftCompile normal arm64 Compiling\ AddTransactionView.swift,\ BankAccount.swift,\ BankPatternRegistry.swift,\ BankSMSParser.swift,\ Budget.swift,\ BudgetProgressCard.swift,\ CurrencyFormatter.swift,\ DashboardView.swift,\ DashboardViewModel.swift,\ Enums.swift,\ ExpenseCategory.swift,\ ExpenseTrackerApp.swift,\ ExpenseTransaction.swift,\ ExportImportService.swift,\ ManageCategoriesView.swift,\ ParseSMSIntent.swift,\ QuickSMSInputView.swift,\ SMSAutomationGuideView.swift,\ SMSPermissionGuideView.swift,\ SettingsView.swift,\ SharedExpenseDatabase.swift,\ SpendingChartView.swift,\ StatCard.swift,\ Theme+Colors.swift,\ TransactionDetailView.swift,\ TransactionListView.swift,\ TransactionListViewModel.swift,\ TransactionRowView.swift /Users/runner/work/expense-tracker/expense-tracker/Views/Transactions/AddTransactionView.swift /Users/runner/work/expense-tracker/expense-tracker/Models/BankAccount.swift /Users/runner/work/expense-tracker/expense-tracker/Services/BankPatternRegistry.swift /Users/runner/work/expense-tracker/expense-tracker/Services/BankSMSParser.swift /Users/runner/work/expense-tracker/expense-tracker/Models/Budget.swift /Users/runner/work/expense-tracker/expense-tracker/Views/Dashboard/BudgetProgressCard.swift /Users/runner/work/expense-tracker/expense-tracker/Services/CurrencyFormatter.swift /Users/runner/work/expense-tracker/expense-tracker/Views/Dashboard/DashboardView.swift /Users/runner/work/expense-tracker/expense-tracker/ViewModels/DashboardViewModel.swift /Users/runner/work/expense-tracker/expense-tracker/Models/Enums.swift /Users/runner/work/expense-tracker/expense-tracker/Models/ExpenseCategory.swift /Users/runner/work/expense-tracker/expense-tracker/ExpenseTrackerApp.swift /Users/runner/work/expense-tracker/expense-tracker/Models/ExpenseTransaction.swift /Users/runner/work/expense-tracker/expense-tracker/Services/ExportImportService.swift /Users/runner/work/expense-tracker/expense-tracker/Views/Settings/ManageCategoriesView.swift /Users/runner/work/expense-tracker/expense-tracker/Intents/ParseSMSIntent.swift /Users/runner/work/expense-tracker/expense-tracker/Views/SMSParser/QuickSMSInputView.swift /Users/runner/work/expense-tracker/expense-tracker/Views/SMSParser/SMSAutomationGuideView.swift /Users/runner/work/expense-tracker/expense-tracker/Views/SMSParser/SMSPermissionGuideView.swift /Users/runner/work/expense-tracker/expense-tracker/Views/Settings/SettingsView.swift /Users/runner/work/expense-tracker/expense-tracker/Services/SharedExpenseDatabase.swift /Users/runner/work/expense-tracker/expense-tracker/Views/Dashboard/SpendingChartView.swift /Users/runner/work/expense-tracker/expense-tracker/Views/Components/StatCard.swift /Users/runner/work/expense-tracker/expense-tracker/Services/Theme+Colors.swift /Users/runner/work/expense-tracker/expense-tracker/Views/Transactions/TransactionDetailView.swift /Users/runner/work/expense-tracker/expense-tracker/Views/Transactions/TransactionListView.swift /Users/runner/work/expense-tracker/expense-tracker/ViewModels/TransactionListViewModel.swift /Users/runner/work/expense-tracker/expense-tracker/Views/Components/TransactionRowView.swift (in target 'ExpenseTracker' from project 'ExpenseTracker')
	Building project ExpenseTracker with scheme ExpenseTracker and configuration Release
(3 failures)
